path,method,representation,cutoff_ry,relative_cutoff_ry,radial_grid,lebedev_grid,hard_exp_radius,accurate_xcint,eps_scf,converged,scf_steps,total_energy_ha,skala_xc_energy_ha,composite_electrons,wall_time,max_rss_kb
native-r100-l590,GPW,,800.0,60.0,100,590,,false,1e-06,false,,,-4.2952738867402571E+00,7.9999997796337512E+00,mm:ss,23547052
native-r150-l590,GPW,,800.0,60.0,150,590,,false,1e-06,false,,,-4.2952700442844103E+00,7.9999997921732424E+00,,
native-r200-l1202,GPW,,800.0,60.0,200,1202,,false,1e-06,false,,,,,mm:ss,14488384
native-r200-l1454,GPW,,800.0,60.0,200,1454,,false,1e-06,false,,,,,,
native-r200-l1730,GPW,,800.0,60.0,200,1730,,false,1e-06,false,,,,,mm:ss,14492360
native-r200-l2030,GPW,,800.0,60.0,200,2030,,false,1e-06,false,,,,,,
native-r200-l590,GPW,,800.0,60.0,200,590,,false,1e-06,false,,,-4.2952689020228956E+00,7.9999997725422158E+00,,
native-r200-l974,GPW,,800.0,60.0,200,974,,false,1e-06,true,1,-17.224747734059633,-4.2952802374932713E+00,7.9999998653027591E+00,,
native-r200-l974-gauxc-density,GPW,,800.0,60.0,200,974,,false,1e-06,false,,-17.224747688719226,-4.2952889237796725E+00,7.9999998652769220E+00,mm:ss,23702832
