method,derivative,step,analytic,finite_difference,signed_error,units
gpw-gth,force,0.001,0.0322701154,0.03227034356712011,2.2816712010736984e-07,Ha/bohr
gpw-gth,force,0.0005,0.0322701154,0.0322723542964809,2.2388964808980893e-06,Ha/bohr
gpw-gth,strain,0.0001,0.5408384921470001,0.5408765276207428,3.803547374270355e-05,GPa
gpw-gth,strain,5e-05,0.5408384921470001,0.5406308310735622,-0.00020766107343783702,GPa
gapwxc-gth,force,0.001,0.032413246,0.032412869137132816,-3.768628671838026e-07,Ha/bohr
gapwxc-gth,force,0.0005,0.032413246,0.0324156261690689,2.3801690689009836e-06,Ha/bohr
gapwxc-gth,strain,0.0001,0.543150567841,0.5431624360702032,1.1868229203182423e-05,GPa
gapwxc-gth,strain,5e-05,0.543150567841,0.5428186419914616,-0.0003319258495384503,GPa
gapw-ae,force,0.001,0.0274343533,0.027437208672154156,2.8553721541577093e-06,Ha/bohr
gapw-ae,force,0.0005,0.0274343533,0.027431949604306283,-2.403695693715957e-06,Ha/bohr
gapw-ae,strain,0.0001,0.480808435508,0.4808152121516998,6.776643699801799e-06,GPa
gapw-ae,strain,5e-05,0.480808435508,0.480336249221937,-0.0004721862860629922,GPa
gapw-gth-direct,force,0.001,0.0322701165,0.03227032886243819,2.1236243819000578e-07,Ha/bohr
gapw-gth-direct,force,0.0005,0.0322701165,0.03227153038665165,1.4138866516466564e-06,Ha/bohr
gapw-gth-direct,strain,0.0001,0.540838504867,0.5408822604892531,4.375562225311658e-05,GPa
gapw-gth-direct,strain,5e-05,0.540838504867,0.5406539764278726,-0.00018452843912741823,GPa
gapw-gth-one-center,force,0.001,0.0324296275,0.03242690133120618,-2.7261687938207046e-06,Ha/bohr
gapw-gth-one-center,force,0.0005,0.0324296275,0.03242765015087912,-1.977349120885208e-06,Ha/bohr
gapw-gth-one-center,strain,0.0001,0.5431692679160001,0.5431369967214381,-3.227119456195027e-05,GPa
gapw-gth-one-center,strain,5e-05,0.5431692679160001,0.5431526515773052,-1.6616338694874777e-05,GPa
