subset,reaction_id,source_reaction_id,source_subset,reference_kcal_mol,weight,gapwxc_gth,gapwxc_gth_d3,hybrid_ae_gth_direct,hybrid_ae_gth_direct_d3,hybrid_ae_gth_one_center,hybrid_ae_gth_one_center_d3,gauxc_ae,gauxc_ae_d3,pyscf_unit,pyscf_unit_d3,gauxc_gpw,gauxc_gpw_d3
ACONF,2,003,aconf,0.614,30.99,0.3066268377724262,-0.37212771013060275,0.6821020592008386,-0.37212771013060275,0.6821020592008386,-0.37212771013060275,0.6464807353418274,-0.3719965605852703,0.6883680181170112,-0.3719965605852638,0.36236730440146386,-0.3719965605852703
ACONF,5,002,aconf,0.595,30.99,0.3075731242822551,-0.3992458656488267,0.5876086363814707,-0.3992458656488267,0.5876086363814707,-0.3992458656488267,0.5530672828124691,-0.39910098575829256,0.5261883676240546,-0.39910098575829256,0.31847728121376373,-0.39910098575829256
ACONF,8,001,aconf,1.178,30.99,0.7759025058984278,-0.8262854364260661,1.2215158811032543,-0.8262854364260661,1.2215158811032543,-0.8262854364260661,1.1881332146775656,-0.8259901123812048,1.151438799443072,-0.8259901123812048,0.7785877121692263,-0.8259901123812048
ADIM6,2,004,adim6,1.99,16.93,2.7271780878081735,2.9995281253933475,2.0878727257080394,2.9995281253933475,2.0878727257080394,2.9995281253933475,1.8518417470956023,2.9982246731772557,1.8598424770643516,2.9982246731772557,2.3045836664876482,2.9982246731772557
AHB21,1,006,ahb21,-17.79,2.53,-22.18751316656245,-0.5045540875204577,-20.29619492635726,-0.5045540875204577,-20.29619492635726,-0.5045540875204577,-17.39887910712745,-0.5044575311032262,-17.4097136846809,-0.5044575311032262,-20.454018452704368,-0.5044575311032262
AHB21,15,005,ahb21,-8.62,2.53,-11.592941608443436,-1.1290392141801466,-10.860315088548012,-1.1290392141801466,-10.860315088548012,-1.1290392141801466,-8.794441565639929,-1.1288740258676628,-8.793229150881565,-1.1288740258676628,-11.719177996221042,-1.1288740258676628
Amino20x4,23,008,amino20x4,4.045,23.31,3.688793384406704,0.009471111605135873,4.424560428004793,0.009471111605135873,4.424560428004793,0.009471111605135873,3.711271653475143,0.009346205401663412,3.6320819778216626,0.009346205401659058,3.853476255452305,0.009346205401663412
Amino20x4,48,010,amino20x4,0.54,23.31,0.27630954991372575,-1.0576228876057276,0.9005180923227469,-1.0576228876057276,0.9005180923227469,-1.0576228876057276,0.6011037176150916,-1.0570677551643641,0.6196397243282005,-1.0570677551643684,0.015746595729191938,-1.0570677551643772
Amino20x4,56,009,amino20x4,1.889,23.31,1.934778568310028,-0.5319278367902822,1.5811838705258474,-0.5319278367902822,1.5811838705258474,-0.5319278367902822,2.039636219065041,-0.5316975752834638,2.03640624487354,-0.5316975752834638,2.202380131705826,-0.5316975752834638
BH76,6,012,bh76,17.8,3.05,18.565041944679898,-0.40289823297388083,17.863952562775957,-0.40289823297388083,17.863952562775957,-0.40289823297388083,17.033157298423,-0.4028616209159157,17.15219970809495,-0.4028616209159157,19.117529116445663,-0.4028616209159157
BH76,18,014,bh76,2.5,3.05,-8.63843698294405,-1.7003492920362493,-1.2745932806107294,-1.7003492920362493,-1.2745932806107294,-1.7003492920362493,-0.2139224198374843,-1.7001210150041683,-0.22005248246669623,-1.7001210150041683,,
BH76RC,16,011,bh76,13.4,2.66,10.893262356620134,-0.05115529221704292,13.597879628868654,-0.05115529221704292,13.597879628868654,-0.05115529221704292,14.262801671304274,-0.05062199005817951,14.252261120318664,-0.05062199005817951,10.997336616019114,-0.05062199005817951
BHPERI,1,017,bhperi,35.3,2.72,33.0994011583521,-0.423776559206607,39.25014292400447,-0.423776559206607,39.25014292400447,-0.423776559206607,36.032704283433716,-0.4198113482837199,36.078844150496025,-0.4198113482837199,34.24031921352159,-0.4198113482837199
BHPERI,17,016,bhperi,13.1,2.72,10.816451069639403,-4.409084992689996,12.70129347537421,-4.409084992689996,12.70129347537421,-4.409084992689996,12.999012370006781,-4.4046075914788245,13.046248795638256,-4.404607591478825,11.23119988281926,-4.404607591478825
BHPERI,23,018,bhperi,27.8,2.72,28.29192429753055,-6.447900601623277,26.475677699064228,-6.447900601623277,26.475677699064228,-6.447900601623277,28.73249814385462,-6.434698682692001,28.798643743927332,-6.434698682692001,28.415547554395573,-6.434698682692007
BHPERI,26,019,bhperi,31.3,2.72,31.400945153545496,-7.664111005549388,30.856485181048367,-7.664111005549388,30.856485181048367,-7.664111005549388,31.559390209537806,-7.649588353017437,31.441776669063593,-7.649588353017437,31.41251338646806,-7.6495883530174416
BHROT27,1,022,bhrot27,2.73,9.06,2.6904313545792107,0.01640677218433743,2.836492000979546,0.01640677218433743,2.836492000979546,0.01640677218433743,2.8888217997391723,0.0164077542548893,2.892078429665874,0.016407754254889845,2.830226882830852,0.0164077542548893
BHROT27,10,020,bhrot27,8.03,9.06,8.439576479113445,-0.021001132447239747,8.007070859817452,-0.021001132447239747,8.007070859817452,-0.021001132447239747,8.327170111877248,-0.020997871595947352,8.327227079018952,-0.020997871595947352,8.434186146922587,-0.020997871595946262
BSR36,4,024,bsr36,8.85,3.51,8.440341727043918,4.466142355103414,8.815621113547184,4.466142355103414,8.815621113547184,4.466142355103414,8.152346658643706,4.465108560789316,8.246098621363378,4.465108560789316,8.737767525804152,4.465108560789316
BSR36,21,023,bsr36,9.78,3.51,8.34085391194201,4.074032442674384,8.823351233491447,4.074032442674384,8.823351233491447,4.074032442674384,7.997387467483139,4.074013849253638,8.106121302648665,4.074013849253638,9.146667280318013,4.074013849253638
BUT14DIOL,28,027,but14diol,2.83,20.3,2.699820310235586,0.49139765735242014,4.332820300050733,0.49139765735242014,4.332820300050733,0.49139765735242014,2.9541770247907513,0.4912622273669679,2.9638926673125927,0.4912622273669679,2.7682381532218554,0.4912622273669679
BUT14DIOL,39,026,but14diol,3.1,20.3,3.1130604958453554,0.6036173473363738,4.93628529203505,0.6036173473363738,4.93628529203505,0.6036173473363738,3.625315653675081,0.6033351346856574,3.656236396467048,0.6033351346856574,3.3371049408832145,0.6033351346856639
BUT14DIOL,63,025,but14diol,4.31,20.3,4.097280602040416,0.3369178963247882,5.9719537630598065,0.3369178963247882,5.9719537630598065,0.3369178963247882,4.4842292398576244,0.33683301405501864,4.526091145989304,0.33683301405501864,4.0889064329135,0.33683301405501864
CARBHB12,3,031,carbhb12,2.421,9.42,2.6967157948626146,0.839382202679554,3.687979299599613,0.839382202679554,3.687979299599613,0.839382202679554,2.553641133301127,0.8391961315195702,2.5603039392138105,0.8391961315195702,2.640089197694813,0.8391961315195702
CARBHB12,4,030,carbhb12,9.967,9.42,9.974304056476191,1.8804428926826746,15.577229129897333,1.8804428926826746,15.577229129897333,1.8804428926826746,10.387726586265416,1.8793107988503255,10.368772994391447,1.8793107988503255,9.785317301517958,1.8793107988503255
CARBHB12,6,029,carbhb12,3.021,9.42,2.9515948788332325,1.0335622340230022,5.168919087520738,1.0335622340230022,5.168919087520738,1.0335622340230022,2.369248581439831,1.0333000010130757,2.3866208492733723,1.0333000010130757,2.80567798248629,1.0333000010130757
CARBHB12,11,028,carbhb12,3.241,9.42,3.924674786035736,1.2263031231971293,3.0678616025250927,1.2263031231971293,3.0678616025250927,1.2263031231971293,3.391569939688484,1.2262633285749402,3.3948003747692623,1.2262633285749396,3.967701353591026,1.2262633285749396
CDIE20,2,032,cdie20,4.4,14.02,4.485977682501815,-0.06891904321610938,4.9990118902680525,-0.06891904321610938,4.9990118902680525,-0.06891904321610938,4.361876766912128,-0.06889393197316768,4.369826713649086,-0.06889393197316768,4.524980909333225,-0.06889393197316768
CDIE20,14,033,cdie20,4.4,14.02,4.560443433953345,-0.8917407304200531,4.5472583701215825,-0.8917407304200531,4.5472583701215825,-0.8917407304200531,4.234730667241186,-0.8945067309208391,4.226467230402258,-0.8945067309208391,4.809565891726283,-0.8945067309208391
CHB6,1,034,chb6,-34.43,2.12,-33.49430945032699,-0.8220325560446111,-34.18723425835496,-0.8220325560446111,-34.18723425835496,-0.8220325560446111,-35.71421615135578,-0.8219399915659148,-35.72726809311929,-0.8219399915659148,-32.061779442697976,-0.8219399915659148
DC13,6,035,dc13,-25.7,1.03,-32.03192579015766,-0.7709223649415002,-31.817632030258835,-0.7709223649415002,-31.817632030258835,-0.7709223649415002,-32.02494320126504,-0.7715024958257318,-32.00898126854883,-0.7715024958257384,-28.087675878965563,-0.7715024958257384
DC13,12,036,dc13,-58.7,1.03,-60.73558992527864,-2.2784368081243307,-67.15589296736802,-2.2784368081243307,-67.15589296736802,-2.2784368081243307,-63.80512721761162,-2.278234566023291,-63.59949098301772,-2.278234566023291,-62.03842979114646,-2.278234566023291
FH51,25,037,fh51,-20.27,1.83,-21.627449891184128,-0.4263522908877216,-19.421065575230944,-0.4263522908877216,-19.421065575230944,-0.4263522908877216,-21.14073989148783,-0.4244709249626847,-21.086243418366976,-0.4244709249626847,-22.334823541975915,-0.42447092496269123
G21EA,5,040,g21ea,17.3,1.69,-1.4256476441643604,0.0,10.299280663459614,0.0,10.299280663459614,0.0,17.430694468265358,0.0,17.44738630880804,0.0,,
G21EA,25,038,g21ea,54.7,1.69,50.951141874171505,-0.09623730819863612,51.72694092352465,-0.09623730819863612,51.72694092352465,-0.09623730819863612,56.6624695179097,-0.09623823225833732,56.67547892229113,-0.09623823225833732,52.40219749876305,-0.09623823225833732
G21IP,28,041,g21ip,243.709,0.22,239.85433784607264,0.015911656039632235,243.88740128231592,0.015911656039632235,243.88740128231592,0.015911656039632235,246.10543513412298,0.015907885602256533,246.0675595737162,0.01590788560225599,240.91372971530427,0.01590788560225599
G2RC,15,042,g2rc,-39.43,1.11,-40.17337179590859,-0.7916664330310375,-44.40801520496992,-0.7916664330310375,-44.40801520496992,-0.7916664330310375,-36.070291531672915,-0.7930852323058651,-35.92457308078485,-0.7930852323058651,-40.58825040373325,-0.7930852323058651
HAL59,21,048,hal59,10.54,12.38,12.107221575400237,1.4895373189638559,9.899499661237476,1.4895373189638559,9.899499661237476,1.4895373189638559,10.180517429546123,1.4894453880884984,10.22752962420642,1.4894453880884984,13.16195949801652,1.4894453880884984
HEAVY28,5,049,heavy28,0.98,45.79,2.3211344804816876,1.6320648800937527,1.352918185589691,1.6320648800937527,1.3548331211973699,1.6320648800937527,1.0141763151116765,1.632050928994194,0.6083105469345189,1.2130097850146873,,
ICONF,16,051,iconf,3.66,17.4,4.076567138583492,0.20413776346842416,3.994150623629134,0.20413776346842416,3.994150623629134,0.20413776346842416,3.9169343844405677,0.20420093977801718,3.899527568299009,0.20420093977801065,4.2152525677196255,0.20420093977801718
IL16,3,052,il16,-116.91,0.52,-116.64846141433691,-3.5219288643463664,-119.94684877930692,-3.5219288643463664,-119.94684877930692,-3.5219288643463664,-117.17430367179453,-3.5207300680247444,-117.26645155407908,-3.5207300680247444,-116.14006526873125,-3.5207300680247444
INV24,12,055,inv24,10.3,1.78,11.089657917123118,0.9113209330121101,10.790611882690408,0.9113209330121101,10.790611882690408,0.9113209330121101,10.428132001703048,0.9099591626051582,10.407759409897023,0.9099591626051582,11.297564873669664,0.9099591626051582
INV24,19,053,inv24,6.2,1.78,5.4621683682644155,0.727233545613446,6.105905656178347,0.727233545613446,6.105905656178347,0.727233545613446,5.905062804688875,0.7281995548224189,5.912074473741536,0.7281995548224277,6.158218924660862,0.7281995548224189
INV24,22,054,inv24,27.2,1.78,27.35356756416267,1.755195323035948,27.7496357484255,1.755195323035948,27.7496357484255,1.755195323035948,27.03272161079486,1.75592182084687,27.02526094926531,1.7559218208468612,28.71501759494362,1.75592182084687
ISO34,12,056,iso34,45.65,3.9,48.1351145004266,-1.0706613688402602,45.859977792294764,-1.0706613688402602,45.859977792294764,-1.0706613688402602,44.812140163382,-1.0692537846886283,44.830387783958976,-1.069253784688635,48.12959801494697,-1.0692537846886219
ISOL24,13,058,isol24,33.02,2.59,34.475752368077565,1.3121295944774942,34.65020501291538,1.3121295944774942,34.65020501291538,1.3121295944774942,32.82246123230361,1.3094880415903378,32.755951975333424,1.3094880415903378,34.15054233937265,1.3094880415903378
MB16-43,4,059,mb16-43,356.8481,0.12,320.4358074352137,25.979955642635034,358.96452673597724,25.979955642635034,358.96452673597724,25.979955642635034,349.3078471604922,25.96540668212688,349.27766646207,25.96540668212688,,
MCONF,7,063,mconf,2.92,11.43,3.111657326978684,-0.4164027760934373,2.614839192096773,-0.4164027760934373,2.614839192096773,-0.4164027760934373,2.7608090661435645,-0.4148085796730578,2.7561815640884575,-0.4148085796730578,3.405839059012682,-0.4148085796730665
MCONF,22,064,mconf,5.31,11.43,5.831396935958101,0.35927413090045107,4.739294665783493,0.35927413090045107,4.739294665783493,0.35927413090045107,5.70351750457532,0.3600007640859454,5.65919094461199,0.3600007640859541,5.988783362280642,0.3600007640859541
MCONF,30,062,mconf,4.86,11.43,5.033094981476697,3.5062054003621106,5.16786131312174,3.5062054003621106,5.16786131312174,3.5062054003621106,5.105887818949328,3.5017821275788656,5.074507917792076,3.501782127578883,5.027597394616122,3.5017821275788656
MCONF,42,061,mconf,7.32,11.43,8.162553002414777,3.6165902791938285,7.336993967712296,3.6165902791938285,7.336993967712296,3.6165902791938285,7.866942518496184,3.6119536072464826,7.84842324975781,3.6119536072464955,8.084683705799945,3.6119536072464826
PArel,3,066,parel,2.94,12.28,2.902669983877814,0.1555705260953245,3.057535605480868,0.1555705260953245,3.057535605480868,0.1555705260953245,2.9732321316211356,0.15545828762951824,2.9562452757486652,0.15545828762953132,3.0412769554508534,0.1554582876295248
PArel,5,068,parel,7.19,12.28,8.682029550726568,0.20735094602402238,7.750142532494841,0.20735094602402238,7.750142532494841,0.20735094602402238,7.362150903339283,0.2068088741884193,7.354666817391337,0.2068088741884193,9.071520786413465,0.20680887418842583
PArel,10,065,parel,2.98,12.28,2.6409439318420342,-0.040858853959371375,2.9225921917109976,-0.040858853959371375,2.9225921917109976,-0.040858853959371375,3.3536835780698624,-0.04078209585980751,3.3591772304387058,-0.04078209585981186,2.8658194695620565,-0.04078209585981186
PArel,20,067,parel,2.15,12.28,1.1770750216133745,-0.6074186598270094,1.1222214664771197,-0.6074186598270094,1.1222214664771197,-0.6074186598270094,1.950142971929476,-0.607860792872354,2.023406167569875,-0.607860792872354,1.559542454278812,-0.607860792872354
PNICO23,13,072,pnico23,3.98,13.3,4.169809628984527,1.0951583600627326,4.462236891207656,1.0951583600627326,4.462236891207656,1.0951583600627326,4.5723806364519035,1.0948835470901954,4.576208244905963,1.0948835470901954,4.2428239026923436,1.0948835470901954
PNICO23,17,073,pnico23,7.1,13.3,7.397781944321474,2.0053146441380654,7.315512532248026,2.0053146441380654,7.315512532248026,2.0053146441380654,7.354572292736098,2.00509846330213,7.391823912303262,2.00509846330213,7.501371387322821,2.00509846330213
RG18,1,076,rg18,0.08,98.0,0.17488012800718897,0.0866004697726255,0.13390651002448145,0.0866004697726255,0.13390651002448145,0.0866004697726255,0.13583941499421406,0.08660047084162932,0.13272353774033677,0.08660047084162932,0.12639780319697916,0.08660047084162932
RG18,15,075,rg18,0.24,98.0,0.4859429233435102,0.3185824851298393,0.2833196554202715,0.3185824851298393,0.2833196554202715,0.3185824851298393,0.486911993578019,0.3185158811562405,0.4913253825923228,0.3185158811562405,0.3432069406748746,0.3185158811562405
S66,11,080,s66,5.42,10.4,5.85281767645828,3.0224733606424703,5.962751577495063,3.0224733606424703,5.962751577495063,3.0224733606424703,5.655110511975902,3.0213573469601247,5.663943620677749,3.0213573469601247,5.527854511759123,3.0213573469601247
S66,17,081,s66,17.18,10.4,17.675871171669215,3.3199526524357177,19.17660019980135,3.3199526524357177,19.17660019980135,3.3199526524357177,17.11875009076772,3.3181411246061807,17.108786152735277,3.3181411246061807,16.58982110202134,3.318141124606185
S66,24,082,s66,2.82,10.4,3.507202308109021,5.848691004433264,3.4650149918972346,5.848691004433264,3.4650149918972346,5.848691004433264,3.0270347618375326,5.843390807125951,3.0155289996807357,5.843390807125951,2.9140854912118668,5.843390807125951
S66,45,084,s66,1.75,10.4,2.5907012968390957,2.787995780361639,2.035823108495573,2.787995780361639,2.035823108495573,2.787995780361639,1.894240396591655,2.7870229966327495,1.9096083672495505,2.7870229966327495,2.489729740697045,2.7870229966327495
SCONF,10,085,sconf,5.65,12.36,6.096950875003942,0.7883880587358068,8.673962167063518,0.7883880587358068,8.673962167063518,0.7883880587358068,6.222791633467004,0.7880909622318745,6.197811204643071,0.7880909622318745,6.2320361900937105,0.7880909622318745
SIE4x4,7,086,sie4x4,31.3,1.69,45.77575116376694,0.051213353321792374,51.750303231255785,0.051213353321792374,51.750303231255785,0.051213353321792374,46.2073747855454,0.05121335330288175,46.260602062860045,0.05121335330288175,45.74439436819535,0.05121335330288175
W4-11,136,091,w4-11,126.385,0.19,92.90306987157395,1.3082948963681291,129.75704938631054,1.3082948963681291,129.75704938631054,1.3082948963681291,119.95420977267322,1.3082477528434626,120.14383719393236,1.3082477528434626,,
W4-11,138,090,w4-11,147.428,0.19,78.94034875023664,0.7838960925195892,156.69639670536847,0.7838960925195892,156.69639670536847,0.7838960925195892,138.09092769567732,0.7838690856526361,138.30367183001584,0.7838690856526361,79.93702838167455,0.7838690856526361
WATER27,17,099,water27,76.5,0.7,76.32827014348764,2.73054679237908,82.77137291421347,2.73054679237908,82.77137291421347,2.73054679237908,81.45737665913876,2.729659670207594,81.39384331662133,2.729659670207595,76.34799760881911,2.729659670207594
WATER27,20,098,water27,26.6,0.7,29.311041196447224,0.6833044986469429,33.764029465620546,0.6833044986469429,33.764029465620546,0.6833044986469429,26.30881789088733,0.6825803763915991,26.24992257896809,0.6825803763915991,30.45634327446555,0.6825803763915991
YBDE18,1,100,ybde18,57.17,1.15,55.99376614512726,4.48601870385778,60.223664087617124,4.48601870385778,60.223664087617124,4.48601870385778,58.857706206010306,4.485780325133048,58.76963142379571,4.485780325133048,54.6349961185936,4.485780325133048
