subset,reaction_id,reference_kcal_mol,species_count,gapwxc_gth_kcal_mol,gapwxc_gth_error_kcal_mol,gapwxc_gth_absolute_error_kcal_mol,hybrid_ae_gth_direct_kcal_mol,hybrid_ae_gth_direct_error_kcal_mol,hybrid_ae_gth_direct_absolute_error_kcal_mol,hybrid_ae_gth_one_center_kcal_mol,hybrid_ae_gth_one_center_error_kcal_mol,hybrid_ae_gth_one_center_absolute_error_kcal_mol,hybrid_direct_minus_gapwxc_gth_kcal_mol,hybrid_one_center_minus_gapwxc_gth_kcal_mol,one_center_minus_direct_kcal_mol,paper_gpw_gth_available,paper_gpw_gth_raw_no_d3_kcal_mol,paper_gpw_gth_raw_no_d3_error_kcal_mol,paper_gpw_gth_raw_no_d3_absolute_error_kcal_mol,paper_gpw_gth_with_current_d3_kcal_mol,paper_gpw_gth_with_current_d3_error_kcal_mol,paper_gpw_gth_with_current_d3_absolute_error_kcal_mol,gapwxc_gth_minus_paper_gpw_gth_kcal_mol,hybrid_ae_gth_direct_minus_paper_gpw_gth_kcal_mol,hybrid_ae_gth_one_center_minus_paper_gpw_gth_kcal_mol
ACONF,2,0.614,2,0.3066268377724262,-0.30737316222757377,0.30737316222757377,0.6821020592008386,0.06810205920083856,0.06810205920083856,0.6821020592008386,0.06810205920083856,0.06810205920083856,0.37547522142841233,0.37547522142841233,0.0,yes,0.734363865314595,0.12036386531459498,0.12036386531459498,0.36223615518467583,-0.25176384481532416,0.25176384481532416,-0.055609317412249615,0.3198659040161627,0.3198659040161627
ACONF,5,0.595,2,0.3075731242822551,-0.2874268757177449,0.2874268757177449,0.5876086363814707,-0.007391363618529323,0.007391363618529323,0.5876086363814707,-0.007391363618529323,0.007391363618529323,0.28003551209921557,0.28003551209921557,0.0,yes,0.717578267299206,0.12257826729920607,0.12257826729920607,0.3183324016472247,-0.27666759835277527,0.27666759835277527,-0.010759277364969622,0.26927623473424595,0.26927623473424595
ACONF,8,1.178,2,0.7759025058984278,-0.40209749410157214,0.40209749410157214,1.2215158811032543,0.04351588110325433,0.04351588110325433,1.2215158811032543,0.04351588110325433,0.04351588110325433,0.44561337520482647,0.44561337520482647,0.0,yes,1.6045778252809346,0.4265778252809347,0.4265778252809347,0.7782923888550884,-0.3997076111449115,0.3997076111449115,-0.0023898829566606494,0.4432234922481658,0.4432234922481658
ADIM6,2,1.99,2,2.7271780878081735,0.7371780878081735,0.7371780878081735,2.0878727257080394,0.0978727257080394,0.0978727257080394,2.0878727257080394,0.0978727257080394,0.0978727257080394,-0.6393053621001341,-0.6393053621001341,0.0,yes,-0.6936410070093626,-2.6836410070093626,2.6836410070093626,2.3058871183833163,0.3158871183833163,0.3158871183833163,0.4212909694248572,-0.2180143926752769,-0.2180143926752769
AHB21,1,-17.79,3,-22.18751316656245,-4.397513166562451,4.397513166562451,-20.29619492635726,-2.50619492635726,2.50619492635726,-20.29619492635726,-2.50619492635726,2.50619492635726,1.891318240205191,1.891318240205191,0.0,yes,-19.949560930679898,-2.1595609306798984,2.1595609306798984,-20.454115018197918,-2.6641150181979185,2.6641150181979185,-1.7333981483645324,0.15792009184065847,0.15792009184065847
AHB21,15,-8.62,3,-11.592941608443436,-2.9729416084434366,2.9729416084434366,-10.860315088548012,-2.2403150885480123,2.2403150885480123,-10.860315088548012,-2.2403150885480123,2.2403150885480123,0.7326265198954243,0.7326265198954243,0.0,yes,-10.590303975174066,-1.9703039751740672,1.9703039751740672,-11.719343189353213,-3.0993431893532133,3.0993431893532133,0.1264015809097767,0.859028100805201,0.859028100805201
Amino20x4,23,4.045,2,3.688793384406704,-0.35620661559329614,0.35620661559329614,4.424560428004793,0.37956042800479306,0.37956042800479306,4.424560428004793,0.37956042800479306,0.37956042800479306,0.7357670435980892,0.7357670435980892,0.0,yes,3.8441300517855175,-0.20086994821448245,0.20086994821448245,3.853601163390057,-0.19139883660994306,0.19139883660994306,-0.16480777898335308,0.5709592646147361,0.5709592646147361
Amino20x4,48,0.54,2,0.27630954991372575,-0.2636904500862743,0.2636904500862743,0.9005180923227469,0.3605180923227469,0.3605180923227469,0.9005180923227469,0.3605180923227469,0.3605180923227469,0.6242085424090211,0.6242085424090211,0.0,yes,1.072814351346788,0.532814351346788,0.532814351346788,0.015191463742079294,-0.5248085362579208,0.5248085362579208,0.26111808617164645,0.8853266285806677,0.8853266285806677
Amino20x4,56,1.889,2,1.934778568310028,0.04577856831002802,0.04577856831002802,1.5811838705258474,-0.3078161294741526,0.3078161294741526,1.5811838705258474,-0.3078161294741526,0.3078161294741526,-0.3535946977841806,-0.3535946977841806,0.0,yes,2.7340777081789733,0.8450777081789733,0.8450777081789733,2.2021498713942123,0.31314987139421224,0.31314987139421224,-0.2673713030841842,-0.6209660008683648,-0.6209660008683648
BH76,6,17.8,3,18.565041944679898,0.7650419446798971,0.7650419446798971,17.863952562775957,0.06395256277595607,0.06395256277595607,17.863952562775957,0.06395256277595607,0.06395256277595607,-0.701089381903941,-0.701089381903941,0.0,yes,19.520390746248818,1.7203907462488175,1.7203907462488175,19.117492513273636,1.3174925132736348,1.3174925132736348,-0.5524505685937378,-1.2535399504976787,-1.2535399504976787
BH76,18,2.5,3,-8.63843698294405,-11.13843698294405,11.13843698294405,-1.2745932806107294,-3.7745932806107296,3.7745932806107296,-1.2745932806107294,-3.7745932806107296,3.7745932806107296,7.3638437023333205,7.3638437023333205,0.0,no,,,,,,,,,
BH76RC,16,13.4,2,10.893262356620134,-2.506737643379866,2.506737643379866,13.597879628868654,0.1978796288686535,0.1978796288686535,13.597879628868654,0.1978796288686535,0.1978796288686535,2.7046172722485196,2.7046172722485196,0.0,yes,11.047958611106997,-2.352041388893003,2.352041388893003,10.996803318888118,-2.403196681111883,2.403196681111883,-0.10354096226798326,2.6010763099805363,2.6010763099805363
BHPERI,1,35.3,2,33.0994011583521,-2.2005988416478957,2.2005988416478957,39.25014292400447,3.9501429240044743,3.9501429240044743,39.25014292400447,3.9501429240044743,3.9501429240044743,6.15074176565237,6.15074176565237,0.0,yes,34.66013057757721,-0.6398694224227839,0.6398694224227839,34.23635401837021,-1.06364598162979,1.06364598162979,-1.1369528600181056,5.013788905634264,5.013788905634264
BHPERI,17,13.1,3,10.816451069639403,-2.283548930360597,2.283548930360597,12.70129347537421,-0.3987065246257888,0.3987065246257888,12.70129347537421,-0.3987065246257888,0.3987065246257888,1.8848424057348083,1.8848424057348083,0.0,yes,15.635807481421303,2.535807481421303,2.535807481421303,11.226722488729942,-1.8732775112700573,1.8732775112700573,-0.4102714190905399,1.4745709866442684,1.4745709866442684
BHPERI,23,27.8,3,28.29192429753055,0.49192429753054867,0.49192429753054867,26.475677699064228,-1.3243223009357727,1.3243223009357727,26.475677699064228,-1.3243223009357727,1.3243223009357727,-1.8162465984663214,-1.8162465984663214,0.0,yes,34.85024625294133,7.0502462529413314,7.0502462529413314,28.402345651320076,0.6023456513200749,0.6023456513200749,-0.11042135378952622,-1.9266679522558476,-1.9266679522558476
BHPERI,26,31.3,3,31.400945153545496,0.10094515354549571,0.10094515354549571,30.856485181048367,-0.443514818951634,0.443514818951634,30.856485181048367,-0.443514818951634,0.443514818951634,-0.5444599724971297,-0.5444599724971297,0.0,yes,39.062101757265324,7.762101757265324,7.762101757265324,31.3979907517164,0.0979907517163987,0.0979907517163987,0.0029544018290970087,-0.5415055706680327,-0.5415055706680327
BHROT27,1,2.73,2,2.6904313545792107,-0.039568645420789306,0.039568645420789306,2.836492000979546,0.10649200097954603,0.10649200097954603,2.836492000979546,0.10649200097954603,0.10649200097954603,0.14606064640033534,0.14606064640033534,0.0,yes,2.813819129851686,0.08381912985168594,0.08381912985168594,2.8302259020360307,0.10022590203603077,0.10022590203603077,-0.13979454745682007,0.006266098943515264,0.006266098943515264
BHROT27,10,8.03,2,8.439576479113445,0.4095764791134453,0.4095764791134453,8.007070859817452,-0.02292914018254777,0.02292914018254777,8.007070859817452,-0.02292914018254777,0.02292914018254777,-0.43250561929599307,-0.43250561929599307,0.0,yes,8.455184022366016,0.4251840223660164,0.4251840223660164,8.434182889918295,0.404182889918296,0.404182889918296,0.0053935891951493176,-0.42711203010084375,-0.42711203010084375
BSR36,4,8.85,3,8.440341727043918,-0.40965827295608115,0.40965827295608115,8.815621113547184,-0.034378886452815394,0.034378886452815394,8.815621113547184,-0.034378886452815394,0.034378886452815394,0.37527938650326575,0.37527938650326575,0.0,yes,4.272658966939741,-4.577341033060259,4.577341033060259,8.738801322041704,-0.11119867795829563,0.11119867795829563,-0.2984595949977855,0.07681979150548024,0.07681979150548024
BSR36,21,9.78,3,8.34085391194201,-1.4391460880579885,1.4391460880579885,8.823351233491447,-0.9566487665085521,0.9566487665085521,8.823351233491447,-0.9566487665085521,0.9566487665085521,0.48249732154943636,0.48249732154943636,0.0,yes,5.072653433346286,-4.7073465666537135,4.7073465666537135,9.146685876022106,-0.6333141239778932,0.6333141239778932,-0.8058319640800953,-0.3233346425306589,-0.3233346425306589
BUT14DIOL,28,2.83,2,2.699820310235586,-0.13017968976441407,0.13017968976441407,4.332820300050733,1.5028203000507325,1.5028203000507325,4.332820300050733,1.5028203000507325,1.5028203000507325,1.6329999898151466,1.6329999898151466,0.0,yes,2.276975926886248,-0.5530240731137521,0.5530240731137521,2.7683735842373642,-0.06162641576263583,0.06162641576263583,-0.06855327400177824,1.5644467158133684,1.5644467158133684
BUT14DIOL,39,3.1,2,3.1130604958453554,0.013060495845355291,0.013060495845355291,4.93628529203505,1.83628529203505,1.83628529203505,4.93628529203505,1.83628529203505,1.83628529203505,1.8232247961896948,1.8232247961896948,0.0,yes,2.733769807442819,-0.36623019255718114,0.36623019255718114,3.337387154776241,0.23738715477624073,0.23738715477624073,-0.22432665893088544,1.5988981372588094,1.5988981372588094
BUT14DIOL,63,4.31,2,4.097280602040416,-0.2127193979595834,0.2127193979595834,5.9719537630598065,1.661953763059807,1.661953763059807,5.9719537630598065,1.661953763059807,1.661953763059807,1.8746731610193903,1.8746731610193903,0.0,yes,3.7520734205600212,-0.5579265794399784,0.5579265794399784,4.088991316883742,-0.2210086831162572,0.2210086831162572,0.00828928515667382,1.8829624461760641,1.8829624461760641
CARBHB12,3,2.421,3,2.6967157948626146,0.27571579486261477,0.27571579486261477,3.687979299599613,1.2669792995996132,1.2669792995996132,3.687979299599613,1.2669792995996132,1.2669792995996132,0.9912635047369984,0.9912635047369984,0.0,yes,1.8008930670001686,-0.6201069329998312,0.6201069329998312,2.6402752696806524,0.21927526968065258,0.21927526968065258,0.05644052518196219,1.0477040299189606,1.0477040299189606
CARBHB12,4,9.967,3,9.974304056476191,0.007304056476190368,0.007304056476190368,15.577229129897333,5.610229129897332,5.610229129897332,15.577229129897333,5.610229129897332,5.610229129897332,5.602925073421142,5.602925073421142,0.0,yes,7.906006506261902,-2.0609934937380983,2.0609934937380983,9.786449398942102,-0.18055060105789877,0.18055060105789877,0.18785465753408914,5.790779730955231,5.790779730955231
CARBHB12,6,3.021,3,2.9515948788332325,-0.06940512116676745,0.06940512116676745,5.168919087520738,2.147919087520738,2.147919087520738,5.168919087520738,2.147919087520738,2.147919087520738,2.2173242086875056,2.2173242086875056,0.0,yes,1.7723779822799115,-1.2486220177200884,1.2486220177200884,2.805940216301051,-0.21505978369894896,0.21505978369894896,0.1456546625321815,2.362978871219687,2.362978871219687
CARBHB12,11,3.241,3,3.924674786035736,0.683674786035736,0.683674786035736,3.0678616025250927,-0.17313839747490745,0.17313839747490745,3.0678616025250927,-0.17313839747490745,0.17313839747490745,-0.8568131835106434,-0.8568131835106434,0.0,yes,2.741438026261511,-0.4995619737384893,0.4995619737384893,3.9677411494596853,0.7267411494596852,0.7267411494596852,-0.043066363423949205,-0.8998795469345926,-0.8998795469345926
CDIE20,2,4.4,2,4.485977682501815,0.08597768250181481,0.08597768250181481,4.9990118902680525,0.5990118902680521,0.5990118902680521,4.9990118902680525,0.5990118902680521,0.5990118902680521,0.5130342077662373,0.5130342077662373,0.0,yes,4.593874843400578,0.19387484340057792,0.19387484340057792,4.524955800185605,0.12495580018560482,0.12495580018560482,-0.03897811768379,0.4740560900824473,0.4740560900824473
CDIE20,14,4.4,2,4.560443433953345,0.16044343395334426,0.16044343395334426,4.5472583701215825,0.14725837012158216,0.14725837012158216,4.5472583701215825,0.14725837012158216,0.14725837012158216,-0.0131850638317621,-0.0131850638317621,0.0,yes,5.704072625240527,1.3040726252405266,1.3040726252405266,4.81233189482102,0.41233189482101995,0.41233189482101995,-0.2518884608676757,-0.2650735246994378,-0.2650735246994378
CHB6,1,-34.43,3,-33.49430945032699,0.9356905496730121,0.9356905496730121,-34.18723425835496,0.24276574164503728,0.24276574164503728,-34.18723425835496,0.24276574164503728,0.24276574164503728,-0.6929248080279748,-0.6929248080279748,0.0,yes,-31.239839465347817,3.1901605346521826,3.1901605346521826,-32.06187202139419,2.3681279786058127,2.3681279786058127,-1.4324374289328006,-2.1253622369607754,-2.1253622369607754
DC13,6,-25.7,2,-32.03192579015766,-6.331925790157658,6.331925790157658,-31.817632030258835,-6.117632030258836,6.117632030258836,-31.817632030258835,-6.117632030258836,6.117632030258836,0.2142937598988226,0.2142937598988226,0.0,yes,-27.316173395570893,-1.6161733955708932,1.6161733955708932,-28.08709576051388,-2.38709576051388,2.38709576051388,-3.9448300296437786,-3.730536269744956,-3.730536269744956
DC13,12,-58.7,3,-60.73558992527864,-2.035589925278636,2.035589925278636,-67.15589296736802,-8.455892967368015,8.455892967368015,-67.15589296736802,-8.455892967368015,8.455892967368015,-6.42030304208938,-6.42030304208938,0.0,yes,-59.76019525232188,-1.0601952523218756,1.0601952523218756,-62.03863206044637,-3.338632060446365,3.338632060446365,1.303042135167729,-5.117260906921651,-5.117260906921651
FH51,25,-20.27,3,-21.627449891184128,-1.3574498911841282,1.3574498911841282,-19.421065575230944,0.8489344247690553,0.8489344247690553,-19.421065575230944,0.8489344247690553,0.8489344247690553,2.2063843159531835,2.2063843159531835,0.0,yes,-21.91035262699289,-1.6403526269928896,1.6403526269928896,-22.336704917878023,-2.066704917878024,2.066704917878024,0.7092550266938957,2.9156393426470792,2.9156393426470792
G21EA,5,17.3,2,-1.4256476441643604,-18.72564764416436,18.72564764416436,10.299280663459614,-7.000719336540387,7.000719336540387,10.299280663459614,-7.000719336540387,7.000719336540387,11.724928307623975,11.724928307623975,0.0,no,,,,,,,,,
G21EA,25,54.7,2,50.951141874171505,-3.748858125828498,3.748858125828498,51.72694092352465,-2.9730590764753515,2.9730590764753515,51.72694092352465,-2.9730590764753515,2.9730590764753515,0.7757990493531466,0.7757990493531466,0.0,yes,52.49843575491124,-2.201564245088761,2.201564245088761,52.402198446711466,-2.2978015532885365,2.2978015532885365,-1.4510565725399616,-0.675257523186815,-0.675257523186815
G21IP,28,243.709,2,239.85433784607264,-3.8546621539273644,3.8546621539273644,243.88740128231592,0.17840128231591734,0.17840128231591734,243.88740128231592,0.17840128231591734,0.17840128231591734,4.033063436243282,4.033063436243282,0.0,yes,240.89782193932942,-2.811178060670585,2.811178060670585,240.9137335953699,-2.795266404630098,2.795266404630098,-1.0593957492972663,2.9736676869460155,2.9736676869460155
G2RC,15,-39.43,3,-40.17337179590859,-0.7433717959085868,0.7433717959085868,-44.40801520496992,-4.978015204969921,4.978015204969921,-44.40801520496992,-4.978015204969921,4.978015204969921,-4.234643409061334,-4.234643409061334,0.0,yes,-39.79516518953884,-0.3651651895388426,0.3651651895388426,-40.586831622569846,-1.1568316225698467,1.1568316225698467,0.4134598266612599,-3.8211835824000744,-3.8211835824000744
HAL59,21,10.54,3,12.107221575400237,1.5672215754002377,1.5672215754002377,9.899499661237476,-0.6405003387625232,0.6405003387625232,9.899499661237476,-0.6405003387625232,0.6405003387625232,-2.207721914162761,-2.207721914162761,0.0,yes,11.672514115238199,1.1325141152382,1.1325141152382,13.162051434204127,2.6220514342041277,2.6220514342041277,-1.05482985880389,-3.262551772966651,-3.262551772966651
HEAVY28,5,0.98,3,2.3211344804816876,1.3411344804816876,1.3411344804816876,1.352918185589691,0.37291818558969103,0.37291818558969103,1.3548331211973699,0.3748331211973699,0.3748331211973699,-0.9682162948919966,-0.9663013592843177,0.0019149356076788582,no,,,,,,,,,
ICONF,16,3.66,2,4.076567138583492,0.4165671385834919,0.4165671385834919,3.994150623629134,0.33415062362913384,0.33415062362913384,3.994150623629134,0.33415062362913384,0.33415062362913384,-0.08241651495435809,-0.08241651495435809,0.0,yes,4.011051629803454,0.35105162980345384,0.35105162980345384,4.2151893932696005,0.5551893932696004,0.5551893932696004,-0.13862225468610845,-0.22103876964046654,-0.22103876964046654
IL16,3,-116.91,3,-116.64846141433691,0.2615385856630894,0.2615385856630894,-119.94684877930692,-3.036848779306922,3.036848779306922,-119.94684877930692,-3.036848779306922,3.036848779306922,-3.2983873649700115,-3.2983873649700115,0.0,yes,-112.61933525198909,4.2906647480109115,4.2906647480109115,-116.14126411633485,0.7687358836651441,0.7687358836651441,-0.5071972980020547,-3.805584662972066,-3.805584662972066
INV24,12,10.3,2,11.089657917123118,0.7896579171231171,0.7896579171231171,10.790611882690408,0.49061188269040734,0.49061188269040734,10.790611882690408,0.49061188269040734,0.49061188269040734,-0.2990460344327097,-0.2990460344327097,0.0,yes,10.387605715788315,0.08760571578831389,0.08760571578831389,11.29892664879581,0.9989266487958091,0.9989266487958091,-0.209268731672692,-0.5083147661054017,-0.5083147661054017
INV24,19,6.2,2,5.4621683682644155,-0.7378316317355846,0.7378316317355846,6.105905656178347,-0.09409434382165305,0.09409434382165305,6.105905656178347,-0.09409434382165305,0.09409434382165305,0.6437372879139316,0.6437372879139316,0.0,yes,5.430019372298834,-0.769980627701166,0.769980627701166,6.157252917912741,-0.04274708208725908,0.04274708208725908,-0.6950845496483256,-0.05134726173439397,-0.05134726173439397
INV24,22,27.2,2,27.35356756416267,0.15356756416267103,0.15356756416267103,27.7496357484255,0.5496357484255014,0.5496357484255014,27.7496357484255,0.5496357484255014,0.5496357484255014,0.3960681842628304,0.3960681842628304,0.0,yes,26.959095786409723,-0.24090421359027658,0.24090421359027658,28.714291109448702,1.5142911094487026,1.5142911094487026,-1.3607235452860316,-0.9646553610232012,-0.9646553610232012
ISO34,12,45.65,2,48.1351145004266,2.4851145004266044,2.4851145004266044,45.859977792294764,0.2099777922947652,0.2099777922947652,45.859977792294764,0.2099777922947652,0.2099777922947652,-2.275136708131839,-2.275136708131839,0.0,yes,49.19885182202331,3.548851822023309,3.548851822023309,48.128190453182704,2.4781904531827053,2.4781904531827053,0.006924047243899167,-2.26821266088794,-2.26821266088794
ISOL24,13,33.02,2,34.475752368077565,1.4557523680775617,1.4557523680775617,34.65020501291538,1.6302050129153756,1.6302050129153756,34.65020501291538,1.6302050129153756,1.6302050129153756,0.17445264483781386,0.17445264483781386,0.0,yes,32.84105431272136,-0.17894568727864169,0.17894568727864169,34.153183907198624,1.133183907198621,1.133183907198621,0.32256846087894075,0.4970211057167546,0.4970211057167546
MB16-43,4,356.8481,8,320.4358074352137,-36.4122925647863,36.4122925647863,358.96452673597724,2.1164267359772566,2.1164267359772566,358.96452673597724,2.1164267359772566,2.1164267359772566,38.528719300763555,38.528719300763555,0.0,no,,,,,,,,,
MCONF,7,2.92,2,3.111657326978684,0.19165732697868387,0.19165732697868387,2.614839192096773,-0.30516080790322686,0.30516080790322686,2.614839192096773,-0.30516080790322686,0.30516080790322686,-0.49681813488191073,-0.49681813488191073,0.0,yes,3.8206476404429823,0.9006476404429824,0.9006476404429824,3.4042448643487004,0.4842448643487005,0.4842448643487005,-0.29258753737001664,-0.7894056722519274,-0.7894056722519274
MCONF,22,5.31,2,5.831396935958101,0.5213969359581014,0.5213969359581014,4.739294665783493,-0.5707053342165063,0.5707053342165063,4.739294665783493,-0.5707053342165063,0.5707053342165063,-1.0921022701746077,-1.0921022701746077,0.0,yes,5.6287826008088055,0.31878260080880594,0.31878260080880594,5.988056731701001,0.6780567317010018,0.6780567317010018,-0.15665979574290034,-1.248762065917508,-1.248762065917508
MCONF,30,4.86,2,5.033094981476697,0.1730949814766971,0.1730949814766971,5.16786131312174,0.30786131312174003,0.30786131312174003,5.16786131312174,0.30786131312174003,0.30786131312174003,0.13476633164504292,0.13476633164504292,0.0,yes,1.5258152677518968,-3.3341847322481035,3.3341847322481035,5.032020668118057,0.17202066811805672,0.17202066811805672,0.0010743133586403886,0.1358406450036833,0.1358406450036833
MCONF,42,7.32,2,8.162553002414777,0.8425530024147765,0.8425530024147765,7.336993967712296,0.016993967712295444,0.016993967712295444,7.336993967712296,0.016993967712295444,0.016993967712295444,-0.825559034702481,-0.825559034702481,0.0,yes,4.472730100601015,-2.8472698993989853,2.8472698993989853,8.089320379794339,0.7693203797943386,0.7693203797943386,0.07323262262043784,-0.7523264120820432,-0.7523264120820432
PArel,3,2.94,2,2.902669983877814,-0.037330016122186116,0.037330016122186116,3.057535605480868,0.11753560548086783,0.11753560548086783,3.057535605480868,0.11753560548086783,0.11753560548086783,0.15486562160305395,0.15486562160305395,0.0,yes,2.8858186691278114,-0.05418133087218857,0.05418133087218857,3.0413891952251975,0.10138919522519751,0.10138919522519751,-0.13871921134738363,0.016146410255670318,0.016146410255670318
PArel,5,7.19,2,8.682029550726568,1.492029550726568,1.492029550726568,7.750142532494841,0.560142532494841,0.560142532494841,7.750142532494841,0.560142532494841,0.560142532494841,-0.9318870182317269,-0.9318870182317269,0.0,yes,8.864711916257258,1.674711916257258,1.674711916257258,9.072062862276443,1.8820628622764426,1.8820628622764426,-0.39003331154987464,-1.3219203297816016,-1.3219203297816016
PArel,10,2.98,2,2.6409439318420342,-0.33905606815796574,0.33905606815796574,2.9225921917109976,-0.05740780828900238,0.05740780828900238,2.9225921917109976,-0.05740780828900238,0.05740780828900238,0.28164825986896336,0.28164825986896336,0.0,yes,2.9066015667662612,-0.07339843323373874,0.07339843323373874,2.865742712790775,-0.11425728720922512,0.11425728720922512,-0.22479878094874062,0.05684947892022274,0.05684947892022274
PArel,20,2.15,2,1.1770750216133745,-0.9729249783866254,0.9729249783866254,1.1222214664771197,-1.0277785335228802,1.0277785335228802,1.1222214664771197,-1.0277785335228802,1.0277785335228802,-0.054853555136254784,-0.054853555136254784,0.0,yes,2.1674032481372176,0.01740324813721772,0.01740324813721772,1.55998458830885,-0.59001541169115,0.59001541169115,-0.3829095666954754,-0.43776312183173016,-0.43776312183173016
PNICO23,13,3.98,3,4.169809628984527,0.18980962898452658,0.18980962898452658,4.462236891207656,0.482236891207656,0.482236891207656,4.462236891207656,0.482236891207656,0.482236891207656,0.2924272622231294,0.2924272622231294,0.0,yes,3.147940357034603,-0.832059642965397,0.832059642965397,4.243098717091314,0.26309871709131416,0.26309871709131416,-0.07328908810678758,0.21913817411634184,0.21913817411634184
PNICO23,17,7.1,3,7.397781944321474,0.297781944321474,0.297781944321474,7.315512532248026,0.21551253224802647,0.21551253224802647,7.315512532248026,0.21551253224802647,0.21551253224802647,-0.08226941207344751,-0.08226941207344751,0.0,yes,5.496272926517653,-1.6037270734823466,1.6037270734823466,7.5015875706552215,0.4015875706552219,0.4015875706552219,-0.1038056263337479,-0.18607503840719541,-0.18607503840719541
RG18,1,0.08,2,0.17488012800718897,0.09488012800718897,0.09488012800718897,0.13390651002448145,0.05390651002448145,0.05390651002448145,0.13390651002448145,0.05390651002448145,0.05390651002448145,-0.040973617982707516,-0.040973617982707516,0.0,yes,0.03979733237205947,-0.04020266762794053,0.04020266762794053,0.12639780214873617,0.046397802148736164,0.046397802148736164,0.0484823258584528,0.007508707875745285,0.007508707875745285
RG18,15,0.24,3,0.4859429233435102,0.2459429233435102,0.2459429233435102,0.2833196554202715,0.0433196554202715,0.0433196554202715,0.2833196554202715,0.0433196554202715,0.0433196554202715,-0.2026232679232387,-0.2026232679232387,0.0,yes,0.024691059528328948,-0.21530894047167104,0.21530894047167104,0.3432735446598212,0.10327354465982119,0.10327354465982119,0.142669378683689,-0.059953889239549696,-0.059953889239549696
S66,11,5.42,3,5.85281767645828,0.4328176764582805,0.4328176764582805,5.962751577495063,0.5427515774950633,0.5427515774950633,5.962751577495063,0.5427515774950633,0.5427515774950633,0.1099339010367828,0.1099339010367828,0.0,yes,2.5064971659378497,-2.9135028340621503,2.9135028340621503,5.5289705265782345,0.10897052657823458,0.10897052657823458,0.3238471498800459,0.4337810509168287,0.4337810509168287
S66,17,17.18,3,17.675871171669215,0.495871171669215,0.495871171669215,19.17660019980135,1.9966001998013496,1.9966001998013496,19.17660019980135,1.9966001998013496,1.9966001998013496,1.5007290281321346,1.5007290281321346,0.0,yes,13.271679983465281,-3.9083200165347183,3.9083200165347183,16.591632635901362,-0.5883673640986373,0.5883673640986373,1.0842385357678523,2.584967563899987,2.584967563899987
S66,24,2.82,3,3.507202308109021,0.687202308109021,0.687202308109021,3.4650149918972346,0.6450149918972348,0.6450149918972348,3.4650149918972346,0.6450149918972348,0.6450149918972348,-0.042187316211786285,-0.042187316211786285,0.0,yes,-2.9293053172494288,-5.749305317249428,5.749305317249428,2.919385687183557,0.099385687183557,0.099385687183557,0.587816620925464,0.5456293047136778,0.5456293047136778
S66,45,1.75,3,2.5907012968390957,0.8407012968390957,0.8407012968390957,2.035823108495573,0.28582310849557313,0.28582310849557313,2.035823108495573,0.28582310849557313,0.28582310849557313,-0.5548781883435225,-0.5548781883435225,0.0,yes,-0.29729325607580226,-2.047293256075802,2.047293256075802,2.490702524286727,0.7407025242867271,0.7407025242867271,0.09999877255236855,-0.454879415791154,-0.454879415791154
SCONF,10,5.65,2,6.096950875003942,0.4469508750039415,0.4469508750039415,8.673962167063518,3.0239621670635177,3.0239621670635177,8.673962167063518,3.0239621670635177,3.0239621670635177,2.5770112920595762,2.5770112920595762,0.0,yes,5.443945230384359,-0.2060547696156414,0.2060547696156414,6.232333289110016,0.5823332891100153,0.5823332891100153,-0.13538241410607377,2.4416288779535025,2.4416288779535025
SIE4x4,7,31.3,3,45.77575116376694,14.47575116376694,14.47575116376694,51.750303231255785,20.450303231255784,20.450303231255784,51.750303231255785,20.450303231255784,20.450303231255784,5.974552067488844,5.974552067488844,0.0,yes,45.69318103568629,14.393181035686286,14.393181035686286,45.744394389007965,14.444394389007964,14.444394389007964,0.0313567747589758,6.00590884224782,6.00590884224782
W4-11,136,126.385,3,92.90306987157395,-33.48193012842606,33.48193012842606,129.75704938631054,3.372049386310536,3.372049386310536,129.75704938631054,3.372049386310536,3.372049386310536,36.853979514736594,36.853979514736594,0.0,no,,,,,,,,,
W4-11,138,147.428,2,78.94034875023664,-68.48765124976336,68.48765124976336,156.69639670536847,9.268396705368474,9.268396705368474,156.69639670536847,9.268396705368474,9.268396705368474,77.75604795513183,77.75604795513183,0.0,yes,79.15315933203075,-68.27484066796924,68.27484066796924,79.93705542455028,-67.49094457544972,67.49094457544972,-0.9967066743136428,76.75934128081819,76.75934128081819
WATER27,17,76.5,3,76.32827014348764,-0.17172985651235706,0.17172985651235706,82.77137291421347,6.271372914213472,6.271372914213472,82.77137291421347,6.271372914213472,6.271372914213472,6.4431027707258295,6.4431027707258295,0.0,yes,73.61833797210191,-2.881662027898088,2.881662027898088,76.34888476448424,-0.15111523551576056,0.15111523551576056,-0.0206146209965965,6.422488149729233,6.422488149729233
WATER27,20,26.6,3,29.311041196447224,2.7110411964472227,2.7110411964472227,33.764029465620546,7.164029465620544,7.164029465620544,33.764029465620546,7.164029465620544,7.164029465620544,4.452988269173321,4.452988269173321,0.0,yes,29.773762911617517,3.1737629116175157,3.1737629116175157,30.457067410263605,3.8570674102636033,3.8570674102636033,-1.1460262138163806,3.3069620553569408,3.3069620553569408
YBDE18,1,57.17,3,55.99376614512726,-1.1762338548727413,1.1762338548727413,60.223664087617124,3.053664087617122,3.053664087617122,60.223664087617124,3.053664087617122,3.053664087617122,4.229897942489863,4.229897942489863,0.0,yes,50.149215816282116,-7.020784183717886,7.020784183717886,54.63523452013446,-2.5347654798655412,2.5347654798655412,1.3585316249928,5.588429567482663,5.588429567482663
