subset,reaction_id,reference_kcal_mol,species_count,gapwxc_gth_kcal_mol,gapwxc_gth_error_kcal_mol,gapwxc_gth_absolute_error_kcal_mol,hybrid_ae_gth_direct_kcal_mol,hybrid_ae_gth_direct_error_kcal_mol,hybrid_ae_gth_direct_absolute_error_kcal_mol,hybrid_ae_gth_one_center_kcal_mol,hybrid_ae_gth_one_center_error_kcal_mol,hybrid_ae_gth_one_center_absolute_error_kcal_mol,hybrid_direct_minus_gapwxc_gth_kcal_mol,hybrid_one_center_minus_gapwxc_gth_kcal_mol,one_center_minus_direct_kcal_mol
ACONF,2,0.614,2,0.3066268377724262,-0.30737316222757377,0.30737316222757377,0.6821020592008386,0.06810205920083856,0.06810205920083856,0.6821020592008386,0.06810205920083856,0.06810205920083856,0.37547522142841233,0.37547522142841233,0.0
ACONF,5,0.595,2,0.3075731242822551,-0.2874268757177449,0.2874268757177449,0.5876086363814707,-0.007391363618529323,0.007391363618529323,0.5876086363814707,-0.007391363618529323,0.007391363618529323,0.28003551209921557,0.28003551209921557,0.0
ACONF,8,1.178,2,0.7759025058984278,-0.40209749410157214,0.40209749410157214,1.2215158811032543,0.04351588110325433,0.04351588110325433,1.2215158811032543,0.04351588110325433,0.04351588110325433,0.44561337520482647,0.44561337520482647,0.0
ADIM6,2,1.99,2,2.7271780878081735,0.7371780878081735,0.7371780878081735,2.0878727257080394,0.0978727257080394,0.0978727257080394,2.0878727257080394,0.0978727257080394,0.0978727257080394,-0.6393053621001341,-0.6393053621001341,0.0
AHB21,1,-17.79,3,-22.18751316656245,-4.397513166562451,4.397513166562451,-20.29619492635726,-2.50619492635726,2.50619492635726,-20.29619492635726,-2.50619492635726,2.50619492635726,1.891318240205191,1.891318240205191,0.0
AHB21,15,-8.62,3,-11.592941608443436,-2.9729416084434366,2.9729416084434366,-10.860315088548012,-2.2403150885480123,2.2403150885480123,-10.860315088548012,-2.2403150885480123,2.2403150885480123,0.7326265198954243,0.7326265198954243,0.0
Amino20x4,23,4.045,2,3.688793384406704,-0.35620661559329614,0.35620661559329614,4.424560428004793,0.37956042800479306,0.37956042800479306,4.424560428004793,0.37956042800479306,0.37956042800479306,0.7357670435980892,0.7357670435980892,0.0
Amino20x4,48,0.54,2,0.27630954991372575,-0.2636904500862743,0.2636904500862743,0.9005180923227469,0.3605180923227469,0.3605180923227469,0.9005180923227469,0.3605180923227469,0.3605180923227469,0.6242085424090211,0.6242085424090211,0.0
Amino20x4,56,1.889,2,1.934778568310028,0.04577856831002802,0.04577856831002802,1.5811838705258474,-0.3078161294741526,0.3078161294741526,1.5811838705258474,-0.3078161294741526,0.3078161294741526,-0.3535946977841806,-0.3535946977841806,0.0
BH76,6,17.8,3,18.565041944679898,0.7650419446798971,0.7650419446798971,17.863952562775957,0.06395256277595607,0.06395256277595607,17.863952562775957,0.06395256277595607,0.06395256277595607,-0.701089381903941,-0.701089381903941,0.0
BH76,18,2.5,3,-8.63843698294405,-11.13843698294405,11.13843698294405,-1.2745932806107294,-3.7745932806107296,3.7745932806107296,-1.2745932806107294,-3.7745932806107296,3.7745932806107296,7.3638437023333205,7.3638437023333205,0.0
BH76RC,16,13.4,2,10.893262356620134,-2.506737643379866,2.506737643379866,13.597879628868654,0.1978796288686535,0.1978796288686535,13.597879628868654,0.1978796288686535,0.1978796288686535,2.7046172722485196,2.7046172722485196,0.0
BHPERI,1,35.3,2,33.0994011583521,-2.2005988416478957,2.2005988416478957,39.25014292400447,3.9501429240044743,3.9501429240044743,39.25014292400447,3.9501429240044743,3.9501429240044743,6.15074176565237,6.15074176565237,0.0
BHPERI,17,13.1,3,10.816451069639403,-2.283548930360597,2.283548930360597,12.70129347537421,-0.3987065246257888,0.3987065246257888,12.70129347537421,-0.3987065246257888,0.3987065246257888,1.8848424057348083,1.8848424057348083,0.0
BHPERI,23,27.8,3,28.29192429753055,0.49192429753054867,0.49192429753054867,26.475677699064228,-1.3243223009357727,1.3243223009357727,26.475677699064228,-1.3243223009357727,1.3243223009357727,-1.8162465984663214,-1.8162465984663214,0.0
BHPERI,26,31.3,3,31.400945153545496,0.10094515354549571,0.10094515354549571,30.856485181048367,-0.443514818951634,0.443514818951634,30.856485181048367,-0.443514818951634,0.443514818951634,-0.5444599724971297,-0.5444599724971297,0.0
BHROT27,1,2.73,2,2.6904313545792107,-0.039568645420789306,0.039568645420789306,2.836492000979546,0.10649200097954603,0.10649200097954603,2.836492000979546,0.10649200097954603,0.10649200097954603,0.14606064640033534,0.14606064640033534,0.0
BHROT27,10,8.03,2,8.439576479113445,0.4095764791134453,0.4095764791134453,8.007070859817452,-0.02292914018254777,0.02292914018254777,8.007070859817452,-0.02292914018254777,0.02292914018254777,-0.43250561929599307,-0.43250561929599307,0.0
BSR36,4,8.85,3,8.440341727043918,-0.40965827295608115,0.40965827295608115,8.815621113547184,-0.034378886452815394,0.034378886452815394,8.815621113547184,-0.034378886452815394,0.034378886452815394,0.37527938650326575,0.37527938650326575,0.0
BSR36,21,9.78,3,8.34085391194201,-1.4391460880579885,1.4391460880579885,8.823351233491447,-0.9566487665085521,0.9566487665085521,8.823351233491447,-0.9566487665085521,0.9566487665085521,0.48249732154943636,0.48249732154943636,0.0
BUT14DIOL,28,2.83,2,2.699820310235586,-0.13017968976441407,0.13017968976441407,4.332820300050733,1.5028203000507325,1.5028203000507325,4.332820300050733,1.5028203000507325,1.5028203000507325,1.6329999898151466,1.6329999898151466,0.0
BUT14DIOL,39,3.1,2,3.1130604958453554,0.013060495845355291,0.013060495845355291,4.93628529203505,1.83628529203505,1.83628529203505,4.93628529203505,1.83628529203505,1.83628529203505,1.8232247961896948,1.8232247961896948,0.0
BUT14DIOL,63,4.31,2,4.097280602040416,-0.2127193979595834,0.2127193979595834,5.9719537630598065,1.661953763059807,1.661953763059807,5.9719537630598065,1.661953763059807,1.661953763059807,1.8746731610193903,1.8746731610193903,0.0
CARBHB12,3,2.421,3,2.6967157948626146,0.27571579486261477,0.27571579486261477,3.687979299599613,1.2669792995996132,1.2669792995996132,3.687979299599613,1.2669792995996132,1.2669792995996132,0.9912635047369984,0.9912635047369984,0.0
CARBHB12,4,9.967,3,9.974304056476191,0.007304056476190368,0.007304056476190368,15.577229129897333,5.610229129897332,5.610229129897332,15.577229129897333,5.610229129897332,5.610229129897332,5.602925073421142,5.602925073421142,0.0
CARBHB12,6,3.021,3,2.9515948788332325,-0.06940512116676745,0.06940512116676745,5.168919087520738,2.147919087520738,2.147919087520738,5.168919087520738,2.147919087520738,2.147919087520738,2.2173242086875056,2.2173242086875056,0.0
CARBHB12,11,3.241,3,3.924674786035736,0.683674786035736,0.683674786035736,3.0678616025250927,-0.17313839747490745,0.17313839747490745,3.0678616025250927,-0.17313839747490745,0.17313839747490745,-0.8568131835106434,-0.8568131835106434,0.0
CDIE20,2,4.4,2,4.485977682501815,0.08597768250181481,0.08597768250181481,4.9990118902680525,0.5990118902680521,0.5990118902680521,4.9990118902680525,0.5990118902680521,0.5990118902680521,0.5130342077662373,0.5130342077662373,0.0
CDIE20,14,4.4,2,4.560443433953345,0.16044343395334426,0.16044343395334426,4.5472583701215825,0.14725837012158216,0.14725837012158216,4.5472583701215825,0.14725837012158216,0.14725837012158216,-0.0131850638317621,-0.0131850638317621,0.0
CHB6,1,-34.43,3,-33.49430945032699,0.9356905496730121,0.9356905496730121,-34.18723425835496,0.24276574164503728,0.24276574164503728,-34.18723425835496,0.24276574164503728,0.24276574164503728,-0.6929248080279748,-0.6929248080279748,0.0
DC13,6,-25.7,2,-32.03192579015766,-6.331925790157658,6.331925790157658,-31.817632030258835,-6.117632030258836,6.117632030258836,-31.817632030258835,-6.117632030258836,6.117632030258836,0.2142937598988226,0.2142937598988226,0.0
DC13,12,-58.7,3,-60.73558992527864,-2.035589925278636,2.035589925278636,-67.15589296736802,-8.455892967368015,8.455892967368015,-67.15589296736802,-8.455892967368015,8.455892967368015,-6.42030304208938,-6.42030304208938,0.0
FH51,25,-20.27,3,-21.627449891184128,-1.3574498911841282,1.3574498911841282,-19.421065575230944,0.8489344247690553,0.8489344247690553,-19.421065575230944,0.8489344247690553,0.8489344247690553,2.2063843159531835,2.2063843159531835,0.0
G21EA,5,17.3,2,-1.4256476441643604,-18.72564764416436,18.72564764416436,10.299280663459614,-7.000719336540387,7.000719336540387,10.299280663459614,-7.000719336540387,7.000719336540387,11.724928307623975,11.724928307623975,0.0
G21EA,25,54.7,2,50.951141874171505,-3.748858125828498,3.748858125828498,51.72694092352465,-2.9730590764753515,2.9730590764753515,51.72694092352465,-2.9730590764753515,2.9730590764753515,0.7757990493531466,0.7757990493531466,0.0
G21IP,28,243.709,2,239.85433784607264,-3.8546621539273644,3.8546621539273644,243.88740128231592,0.17840128231591734,0.17840128231591734,243.88740128231592,0.17840128231591734,0.17840128231591734,4.033063436243282,4.033063436243282,0.0
G2RC,15,-39.43,3,-40.17337179590859,-0.7433717959085868,0.7433717959085868,-44.40801520496992,-4.978015204969921,4.978015204969921,-44.40801520496992,-4.978015204969921,4.978015204969921,-4.234643409061334,-4.234643409061334,0.0
HAL59,21,10.54,3,12.107221575400237,1.5672215754002377,1.5672215754002377,9.899499661237476,-0.6405003387625232,0.6405003387625232,9.899499661237476,-0.6405003387625232,0.6405003387625232,-2.207721914162761,-2.207721914162761,0.0
HEAVY28,5,0.98,3,2.3211344804816876,1.3411344804816876,1.3411344804816876,1.352918185589691,0.37291818558969103,0.37291818558969103,1.3548331211973699,0.3748331211973699,0.3748331211973699,-0.9682162948919966,-0.9663013592843177,0.0019149356076788582
ICONF,16,3.66,2,4.076567138583492,0.4165671385834919,0.4165671385834919,3.994150623629134,0.33415062362913384,0.33415062362913384,3.994150623629134,0.33415062362913384,0.33415062362913384,-0.08241651495435809,-0.08241651495435809,0.0
IL16,3,-116.91,3,-116.64846141433691,0.2615385856630894,0.2615385856630894,-119.94684877930692,-3.036848779306922,3.036848779306922,-119.94684877930692,-3.036848779306922,3.036848779306922,-3.2983873649700115,-3.2983873649700115,0.0
INV24,12,10.3,2,11.089657917123118,0.7896579171231171,0.7896579171231171,10.790611882690408,0.49061188269040734,0.49061188269040734,10.790611882690408,0.49061188269040734,0.49061188269040734,-0.2990460344327097,-0.2990460344327097,0.0
INV24,19,6.2,2,5.4621683682644155,-0.7378316317355846,0.7378316317355846,6.105905656178347,-0.09409434382165305,0.09409434382165305,6.105905656178347,-0.09409434382165305,0.09409434382165305,0.6437372879139316,0.6437372879139316,0.0
INV24,22,27.2,2,27.35356756416267,0.15356756416267103,0.15356756416267103,27.7496357484255,0.5496357484255014,0.5496357484255014,27.7496357484255,0.5496357484255014,0.5496357484255014,0.3960681842628304,0.3960681842628304,0.0
ISO34,12,45.65,2,48.1351145004266,2.4851145004266044,2.4851145004266044,45.859977792294764,0.2099777922947652,0.2099777922947652,45.859977792294764,0.2099777922947652,0.2099777922947652,-2.275136708131839,-2.275136708131839,0.0
ISOL24,13,33.02,2,34.475752368077565,1.4557523680775617,1.4557523680775617,34.65020501291538,1.6302050129153756,1.6302050129153756,34.65020501291538,1.6302050129153756,1.6302050129153756,0.17445264483781386,0.17445264483781386,0.0
MB16-43,4,356.8481,8,320.4358074352137,-36.4122925647863,36.4122925647863,358.96452673597724,2.1164267359772566,2.1164267359772566,358.96452673597724,2.1164267359772566,2.1164267359772566,38.528719300763555,38.528719300763555,0.0
MCONF,7,2.92,2,3.111657326978684,0.19165732697868387,0.19165732697868387,2.614839192096773,-0.30516080790322686,0.30516080790322686,2.614839192096773,-0.30516080790322686,0.30516080790322686,-0.49681813488191073,-0.49681813488191073,0.0
MCONF,22,5.31,2,5.831396935958101,0.5213969359581014,0.5213969359581014,4.739294665783493,-0.5707053342165063,0.5707053342165063,4.739294665783493,-0.5707053342165063,0.5707053342165063,-1.0921022701746077,-1.0921022701746077,0.0
MCONF,30,4.86,2,5.033094981476697,0.1730949814766971,0.1730949814766971,5.16786131312174,0.30786131312174003,0.30786131312174003,5.16786131312174,0.30786131312174003,0.30786131312174003,0.13476633164504292,0.13476633164504292,0.0
MCONF,42,7.32,2,8.162553002414777,0.8425530024147765,0.8425530024147765,7.336993967712296,0.016993967712295444,0.016993967712295444,7.336993967712296,0.016993967712295444,0.016993967712295444,-0.825559034702481,-0.825559034702481,0.0
PArel,3,2.94,2,2.902669983877814,-0.037330016122186116,0.037330016122186116,3.057535605480868,0.11753560548086783,0.11753560548086783,3.057535605480868,0.11753560548086783,0.11753560548086783,0.15486562160305395,0.15486562160305395,0.0
PArel,5,7.19,2,8.682029550726568,1.492029550726568,1.492029550726568,7.750142532494841,0.560142532494841,0.560142532494841,7.750142532494841,0.560142532494841,0.560142532494841,-0.9318870182317269,-0.9318870182317269,0.0
PArel,10,2.98,2,2.6409439318420342,-0.33905606815796574,0.33905606815796574,2.9225921917109976,-0.05740780828900238,0.05740780828900238,2.9225921917109976,-0.05740780828900238,0.05740780828900238,0.28164825986896336,0.28164825986896336,0.0
PArel,20,2.15,2,1.1770750216133745,-0.9729249783866254,0.9729249783866254,1.1222214664771197,-1.0277785335228802,1.0277785335228802,1.1222214664771197,-1.0277785335228802,1.0277785335228802,-0.054853555136254784,-0.054853555136254784,0.0
PNICO23,13,3.98,3,4.169809628984527,0.18980962898452658,0.18980962898452658,4.462236891207656,0.482236891207656,0.482236891207656,4.462236891207656,0.482236891207656,0.482236891207656,0.2924272622231294,0.2924272622231294,0.0
PNICO23,17,7.1,3,7.397781944321474,0.297781944321474,0.297781944321474,7.315512532248026,0.21551253224802647,0.21551253224802647,7.315512532248026,0.21551253224802647,0.21551253224802647,-0.08226941207344751,-0.08226941207344751,0.0
RG18,1,0.08,2,0.17488012800718897,0.09488012800718897,0.09488012800718897,0.13390651002448145,0.05390651002448145,0.05390651002448145,0.13390651002448145,0.05390651002448145,0.05390651002448145,-0.040973617982707516,-0.040973617982707516,0.0
RG18,15,0.24,3,0.4859429233435102,0.2459429233435102,0.2459429233435102,0.2833196554202715,0.0433196554202715,0.0433196554202715,0.2833196554202715,0.0433196554202715,0.0433196554202715,-0.2026232679232387,-0.2026232679232387,0.0
S66,11,5.42,3,5.85281767645828,0.4328176764582805,0.4328176764582805,5.962751577495063,0.5427515774950633,0.5427515774950633,5.962751577495063,0.5427515774950633,0.5427515774950633,0.1099339010367828,0.1099339010367828,0.0
S66,17,17.18,3,17.675871171669215,0.495871171669215,0.495871171669215,19.17660019980135,1.9966001998013496,1.9966001998013496,19.17660019980135,1.9966001998013496,1.9966001998013496,1.5007290281321346,1.5007290281321346,0.0
S66,24,2.82,3,3.507202308109021,0.687202308109021,0.687202308109021,3.4650149918972346,0.6450149918972348,0.6450149918972348,3.4650149918972346,0.6450149918972348,0.6450149918972348,-0.042187316211786285,-0.042187316211786285,0.0
S66,45,1.75,3,2.5907012968390957,0.8407012968390957,0.8407012968390957,2.035823108495573,0.28582310849557313,0.28582310849557313,2.035823108495573,0.28582310849557313,0.28582310849557313,-0.5548781883435225,-0.5548781883435225,0.0
SCONF,10,5.65,2,6.096950875003942,0.4469508750039415,0.4469508750039415,8.673962167063518,3.0239621670635177,3.0239621670635177,8.673962167063518,3.0239621670635177,3.0239621670635177,2.5770112920595762,2.5770112920595762,0.0
SIE4x4,7,31.3,3,45.77575116376694,14.47575116376694,14.47575116376694,51.750303231255785,20.450303231255784,20.450303231255784,51.750303231255785,20.450303231255784,20.450303231255784,5.974552067488844,5.974552067488844,0.0
W4-11,136,126.385,3,92.90306987157395,-33.48193012842606,33.48193012842606,129.75704938631054,3.372049386310536,3.372049386310536,129.75704938631054,3.372049386310536,3.372049386310536,36.853979514736594,36.853979514736594,0.0
W4-11,138,147.428,2,78.94034875023664,-68.48765124976336,68.48765124976336,156.69639670536847,9.268396705368474,9.268396705368474,156.69639670536847,9.268396705368474,9.268396705368474,77.75604795513183,77.75604795513183,0.0
WATER27,17,76.5,3,76.32827014348764,-0.17172985651235706,0.17172985651235706,82.77137291421347,6.271372914213472,6.271372914213472,82.77137291421347,6.271372914213472,6.271372914213472,6.4431027707258295,6.4431027707258295,0.0
WATER27,20,26.6,3,29.311041196447224,2.7110411964472227,2.7110411964472227,33.764029465620546,7.164029465620544,7.164029465620544,33.764029465620546,7.164029465620544,7.164029465620544,4.452988269173321,4.452988269173321,0.0
YBDE18,1,57.17,3,55.99376614512726,-1.1762338548727413,1.1762338548727413,60.223664087617124,3.053664087617122,3.053664087617122,60.223664087617124,3.053664087617122,3.053664087617122,4.229897942489863,4.229897942489863,0.0
