source,method,scope,N_lattice,N_bulk,N_cohesive,ME_a_A,MAE_a_A,ME_B0_GPa,MAE_B0_GPa,ME_E_coh_eV_atom,MAE_E_coh_eV_atom,comparison_note
Goldzak2022,HF,Goldzak12,12,12,12,,0.057,,13.5,,1.54,same system set and references
Goldzak2022,PBE,contextual source aggregate,,,,,0.061,,12.2,,0.19,Values coincide with Tran2016 44-solid aggregates; not verified as Goldzak12 recomputation
Goldzak2022,PBEsol,contextual source aggregate,,,,,0.030,,7.8,,0.31,Values coincide with Tran2016 44-solid aggregates; not verified as Goldzak12 recomputation
Goldzak2022,SCAN,contextual source aggregate,,,,,0.030,,7.4,,0.19,Values coincide with Tran2016 44-solid aggregates; not verified as Goldzak12 recomputation
Goldzak2022,MP2,Goldzak12,12,12,12,,0.020,,5.2,,0.23,same system set and references
Goldzak2022,SCS-MP2,Goldzak12,12,12,12,,0.015,,3.8,,0.06,same system set and references
Goldzak2022,SOS-MP2,Goldzak12,12,12,12,,0.017,,3.7,,0.08,same system set and references
PeriodicGFN2Manuscript,HF,LC10,10,,10,0.052,0.056,,,-1.623,1.623,same ten-solid subset used for GFN comparison
PeriodicGFN2Manuscript,MP2,LC10,10,,10,-0.009,0.018,,,0.248,0.248,same ten-solid subset used for GFN comparison
PeriodicGFN2Manuscript,SCS-MP2,LC10,10,,10,0.006,0.011,,,0.031,0.063,same ten-solid subset used for GFN comparison
PeriodicGFN2Manuscript,SOS-MP2,LC10,10,,10,0.014,0.014,,,-0.073,0.089,same ten-solid subset used for GFN comparison
PeriodicGFN2Manuscript,GFN1-xTB,LC10,10,,10,0.022,0.145,,,1.467,1.544,valid-minimum subset; MgO and LiH excluded
PeriodicGFN2Manuscript,GFN2-xTB,LC10,10,,10,-0.006,0.062,,,1.107,1.299,valid-minimum subset; MgO and LiH excluded
Mo2017,Tao-Mo,mixed solids,22,22,7,,0.025,,7.0,,0.08,different system set; broad semilocal DFT context only
