solid,method,a_A,B0_GPa,reference_note
C,experiment,3.553,453.3,zero-point-corrected experimental reference
C,HF,3.547,500.6,Goldzak et al. 2022
C,MP2,3.540,466.8,Goldzak et al. 2022
C,SCS-MP2,3.550,460.1,Goldzak et al. 2022
C,SOS-MP2,3.554,456.8,Goldzak et al. 2022
Si,experiment,5.421,100.3,zero-point-corrected experimental reference
Si,HF,5.508,102.1,Goldzak et al. 2022
Si,MP2,5.399,99.6,Goldzak et al. 2022
Si,SCS-MP2,5.425,98.2,Goldzak et al. 2022
Si,SOS-MP2,5.437,97.6,Goldzak et al. 2022
SiC,experiment,4.347,228.9,zero-point-corrected experimental reference
SiC,HF,4.371,242.7,Goldzak et al. 2022
SiC,MP2,4.350,229.1,Goldzak et al. 2022
SiC,SCS-MP2,4.358,227.0,Goldzak et al. 2022
SiC,SOS-MP2,4.362,225.9,Goldzak et al. 2022
BN,experiment,3.593,388.5,zero-point-corrected experimental reference; alternate B0 410.2 GPa
BN,HF,3.596,430.2,Goldzak et al. 2022
BN,MP2,3.596,396.5,Goldzak et al. 2022
BN,SCS-MP2,3.603,394.0,Goldzak et al. 2022
BN,SOS-MP2,3.606,392.7,Goldzak et al. 2022
BP,experiment,4.525,176.5,zero-point-corrected experimental reference; alternate B0 168.0 GPa
BP,HF,4.584,174.8,Goldzak et al. 2022
BP,MP2,4.495,180.9,Goldzak et al. 2022
BP,SCS-MP2,4.517,176.2,Goldzak et al. 2022
BP,SOS-MP2,4.528,174.1,Goldzak et al. 2022
AlN,experiment,4.368,206.0,zero-point-corrected experimental reference
AlN,HF,4.365,226.1,Goldzak et al. 2022
AlN,MP2,4.388,200.0,Goldzak et al. 2022
AlN,SCS-MP2,4.389,201.3,Goldzak et al. 2022
AlN,SOS-MP2,4.389,201.9,Goldzak et al. 2022
AlP,experiment,5.448,87.0,zero-point-corrected experimental reference
AlP,HF,5.542,93.9,Goldzak et al. 2022
AlP,MP2,5.444,93.2,Goldzak et al. 2022
AlP,SCS-MP2,5.465,92.0,Goldzak et al. 2022
AlP,SOS-MP2,5.475,91.4,Goldzak et al. 2022
MgO,experiment,4.189,173.0,zero-point-corrected experimental reference; alternate B0 169.8 GPa
MgO,HF,4.176,180.2,Goldzak et al. 2022
MgO,MP2,4.227,157.8,Goldzak et al. 2022
MgO,SCS-MP2,4.224,159.5,Goldzak et al. 2022
MgO,SOS-MP2,4.223,160.4,Goldzak et al. 2022
MgS,experiment,5.188,81.0,zero-point-corrected experimental reference
MgS,HF,5.281,76.9,Goldzak et al. 2022
MgS,MP2,5.171,83.0,Goldzak et al. 2022
MgS,SCS-MP2,5.191,81.4,Goldzak et al. 2022
MgS,SOS-MP2,5.201,80.7,Goldzak et al. 2022
LiCl,experiment,5.072,37.3,zero-point-corrected experimental reference
LiCl,HF,5.253,29.6,Goldzak et al. 2022
LiCl,MP2,5.021,38.2,Goldzak et al. 2022
LiCl,SCS-MP2,5.059,36.5,Goldzak et al. 2022
LiCl,SOS-MP2,5.078,35.7,Goldzak et al. 2022
