solid,method,a_A,E_coh_eV_atom,status,scope,source
C,GFN1-xTB,3.5585,10.783,valid EOS minimum,LC10 subset,accepted periodic GFN2 manuscript Table S3
C,GFN2-xTB,3.5549,10.100,valid EOS minimum,LC10 subset,accepted periodic GFN2 manuscript Table S3
Si,GFN1-xTB,5.6187,5.933,valid EOS minimum,LC10 subset,accepted periodic GFN2 manuscript Table S3
Si,GFN2-xTB,5.4462,3.738,valid EOS minimum,LC10 subset,accepted periodic GFN2 manuscript Table S3
SiC,GFN1-xTB,4.5234,8.353,valid EOS minimum,LC10 subset,accepted periodic GFN2 manuscript Table S3
SiC,GFN2-xTB,4.4127,6.817,valid EOS minimum,LC10 subset,accepted periodic GFN2 manuscript Table S3
BN,GFN1-xTB,3.6252,8.297,valid EOS minimum,LC10 subset,accepted periodic GFN2 manuscript Table S3
BN,GFN2-xTB,3.6302,9.539,valid EOS minimum,LC10 subset,accepted periodic GFN2 manuscript Table S3
BP,GFN1-xTB,4.5785,6.196,valid EOS minimum,LC10 subset,accepted periodic GFN2 manuscript Table S3
BP,GFN2-xTB,4.5501,6.225,valid EOS minimum,LC10 subset,accepted periodic GFN2 manuscript Table S3
AlN,GFN1-xTB,4.6121,7.623,valid EOS minimum,LC10 subset,accepted periodic GFN2 manuscript Table S3
AlN,GFN2-xTB,4.3128,8.400,valid EOS minimum,LC10 subset,accepted periodic GFN2 manuscript Table S3
AlP,GFN1-xTB,5.5741,6.865,valid EOS minimum,LC10 subset,accepted periodic GFN2 manuscript Table S3
AlP,GFN2-xTB,5.5450,5.009,valid EOS minimum,LC10 subset,accepted periodic GFN2 manuscript Table S3
MgO,GFN1-xTB,,,no valid EOS minimum before SCC charge collapse,Goldzak12 parent set,accepted periodic GFN2 manuscript SI diagnostic
MgO,GFN2-xTB,,,no valid EOS minimum before SCC charge collapse,Goldzak12 parent set,accepted periodic GFN2 manuscript SI diagnostic
MgS,GFN1-xTB,5.0625,3.657,valid EOS minimum,LC10 subset,accepted periodic GFN2 manuscript Table S3
MgS,GFN2-xTB,5.1442,4.604,valid EOS minimum,LC10 subset,accepted periodic GFN2 manuscript Table S3
LiH,GFN1-xTB,,,no valid EOS minimum before SCC charge collapse,Goldzak12 parent set,accepted periodic GFN2 manuscript SI diagnostic
LiH,GFN2-xTB,,,no valid EOS minimum before SCC charge collapse,Goldzak12 parent set,accepted periodic GFN2 manuscript SI diagnostic
LiF,GFN1-xTB,3.7457,5.215,valid EOS minimum,LC10 subset,accepted periodic GFN2 manuscript Table S3
LiF,GFN2-xTB,4.0040,4.887,valid EOS minimum,LC10 subset,accepted periodic GFN2 manuscript Table S3
LiCl,GFN1-xTB,4.8091,4.611,valid EOS minimum,LC10 subset,accepted periodic GFN2 manuscript Table S3
LiCl,GFN2-xTB,4.8301,4.611,valid EOS minimum,LC10 subset,accepted periodic GFN2 manuscript Table S3
