source,method,solid,a_A,B0_GPa,a_ZPE_included_A,B0_ZPE_included_GPa,experimental_with_ZPE_a_A,experimental_with_ZPE_B0_GPa
Zhang2018,LDA,AlP,5.434,89.4,5.444,87.4,5.458,86.0
Zhang2018,PBE,AlP,5.508,82.4,5.518,81.4,5.458,86.0
Zhang2018,PBEsol,AlP,5.47,86.6,5.48,84.6,5.458,86.0
Zhang2018,M06-L,AlP,5.457,91.1,5.466,89.1,5.458,86.0
Zhang2018,SCAN,AlP,5.475,89.5,5.484,87.4,5.458,86.0
Zhang2018,HSE06,AlP,5.482,94.5,5.491,91.6,5.458,86.0
Zhang2018,LDA,BN,3.582,402.1,3.595,392.8,3.607,378.0
Zhang2018,PBE,BN,3.626,374.1,3.64,363.6,3.607,378.0
Zhang2018,PBEsol,BN,3.607,388.0,3.621,373.8,3.607,378.0
Zhang2018,M06-L,BN,3.603,391.7,3.616,380.8,3.607,378.0
Zhang2018,SCAN,BN,3.605,394.5,3.618,379.6,3.607,378.0
Zhang2018,HSE06,BN,3.601,399.6,3.614,389.8,3.607,378.0
Zhang2018,LDA,BP,4.492,175.2,4.504,171.5,4.538,173.0
Zhang2018,PBE,BP,4.549,162.0,4.562,158.5,4.538,173.0
Zhang2018,PBEsol,BP,4.521,169.5,4.533,165.9,4.538,173.0
Zhang2018,M06-L,BP,4.519,170.1,4.532,166.5,4.538,173.0
Zhang2018,SCAN,BP,4.528,171.1,4.54,168.9,4.538,173.0
Zhang2018,HSE06,BP,4.53,173.0,4.542,169.7,4.538,173.0
Zhang2018,LDA,C,3.532,467.0,3.545,456.8,3.567,443.0
Zhang2018,PBE,C,3.572,434.3,3.586,424.0,3.567,443.0
Zhang2018,PBEsol,C,3.555,451.2,3.568,435.2,3.567,443.0
Zhang2018,M06-L,C,3.551,452.8,3.564,437.8,3.567,443.0
Zhang2018,SCAN,C,3.551,459.6,3.564,445.0,3.567,443.0
Zhang2018,HSE06,C,3.549,468.8,3.561,452.9,3.567,443.0
Zhang2018,LDA,LiCl,4.966,40.8,4.994,39.7,5.106,35.4
Zhang2018,PBE,LiCl,5.151,31.7,5.185,29.8,5.106,35.4
Zhang2018,PBEsol,LiCl,5.064,35.0,5.094,32.6,5.106,35.4
Zhang2018,M06-L,LiCl,5.117,35.0,5.149,32.2,5.106,35.4
Zhang2018,SCAN,LiCl,5.109,36.3,5.138,35.3,5.106,35.4
Zhang2018,HSE06,LiCl,5.107,35.1,5.138,32.8,5.106,35.4
Zhang2018,LDA,MgO,4.164,171.7,4.18,166.9,4.207,168.8
Zhang2018,PBE,MgO,4.254,149.4,4.272,145.2,4.207,168.8
Zhang2018,PBEsol,MgO,4.214,157.7,4.231,153.0,4.207,168.8
Zhang2018,M06-L,MgO,4.2,165.3,4.216,159.8,4.207,168.8
Zhang2018,SCAN,MgO,4.194,169.6,4.21,164.9,4.207,168.8
Zhang2018,HSE06,MgO,4.208,165.0,4.224,160.5,4.207,168.8
Zhang2018,LDA,MgS,5.139,82.8,5.153,81.0,5.202,78.9
Zhang2018,PBE,MgS,5.231,73.8,5.245,71.7,5.202,78.9
Zhang2018,PBEsol,MgS,5.182,78.0,5.197,76.9,5.202,78.9
Zhang2018,M06-L,MgS,5.179,81.5,5.193,80.4,5.202,78.9
Zhang2018,SCAN,MgS,5.195,80.1,5.208,79.1,5.202,78.9
Zhang2018,HSE06,MgS,5.207,78.8,5.221,77.8,5.202,78.9
Zhang2018,LDA,Si,5.405,96.2,5.414,94.6,5.43,99.2
Zhang2018,PBE,Si,5.47,88.6,5.479,87.5,5.43,99.2
Zhang2018,PBEsol,Si,5.431,95.3,5.44,94.8,5.43,99.2
Zhang2018,M06-L,Si,5.425,97.7,5.434,97.5,5.43,99.2
Zhang2018,SCAN,Si,5.433,99.1,5.442,99.0,5.43,99.2
Zhang2018,HSE06,Si,5.444,97.6,5.452,97.4,5.43,99.2
Zhang2018,LDA,SiC,4.33,228.7,4.341,225.2,4.358,225.0
Zhang2018,PBE,SiC,4.381,212.9,4.392,209.0,4.358,225.0
Zhang2018,PBEsol,SiC,4.358,222.0,4.368,220.9,4.358,225.0
Zhang2018,M06-L,SiC,4.328,225.1,4.34,221.6,4.358,225.0
Zhang2018,SCAN,SiC,4.353,229.9,4.363,227.4,4.358,225.0
Zhang2018,HSE06,SiC,4.353,228.9,4.363,225.4,4.358,225.0
