method,solid,delta_a_A,delta_B0_GPa,quality_status
gapw-ae,AlN,-0.06554244014560773,19.88978308446039,numerical_review_pending
gapw-ae,AlP,-0.06989799742553515,14.348813854089386,numerical_review_pending
gapw-ae,BN,-0.025481863143627326,32.373776125827646,numerical_review_pending
gapw-ae,BP,-0.055428672895055264,7.13952550757017,numerical_review_pending
gapw-ae,C,-0.023768482857311035,38.054954217938075,numerical_review_pending
gapw-ae,LiCl,-0.15649573657238314,9.065408326126118,numerical_review_pending
gapw-ae,MgO,-0.09552840571917987,25.708567435079544,numerical_review_pending
gapw-ae,MgS,-0.13438410350531171,9.274372103594402,numerical_review_pending
gapw-ae,Si,-0.0469586200568175,0.26318728348067566,numerical_review_pending
gapw-ae,SiC,-0.05495832943290768,12.77573369169474,numerical_review_pending
gapwxc-gth,AlN,-0.0868635472598207,33.07143133522817,numerical_review_pending
gapwxc-gth,AlP,-0.0858122126762435,7.336345388777033,numerical_review_pending
gapwxc-gth,BN,-0.01529919218278808,34.89353550008701,numerical_review_pending
gapwxc-gth,BP,-0.08110426414554617,11.427965192309102,numerical_review_pending
gapwxc-gth,C,-0.018522964656264573,4.033311583642728,numerical_review_pending
gapwxc-gth,LiCl,-0.16390541137341064,10.67598270280714,numerical_review_pending
gapwxc-gth,MgO,-0.08305210381702732,15.275908086744266,numerical_review_pending
gapwxc-gth,MgS,-0.11910818926001543,6.8957072819522836,numerical_review_pending
gapwxc-gth,Si,-0.08243076588296461,-7.536491770528897,numerical_review_pending
gapwxc-gth,SiC,-0.0952512763936122,34.98722577515943,numerical_review_pending
hybrid-direct,AlN,-0.09334413124553276,34.41657973564486,numerical_review_pending
hybrid-direct,AlP,-0.0864005806979593,9.35812067250258,numerical_review_pending
hybrid-direct,BN,-0.025481863143627326,32.373776125827646,numerical_review_pending
hybrid-direct,BP,-0.07228426006475619,9.357281467864539,numerical_review_pending
hybrid-direct,C,-0.023768482857311035,38.054954217938075,numerical_review_pending
hybrid-direct,LiCl,-0.15416895609869208,9.831900596794902,numerical_review_pending
hybrid-direct,MgO,-0.09668187634641434,40.12664838646177,numerical_review_pending
hybrid-direct,MgS,-0.11801348314874716,3.1736354342561697,numerical_review_pending
hybrid-direct,Si,-0.08274159614170884,-6.170560386494259,numerical_review_pending
hybrid-direct,SiC,-0.09141257358343768,34.82808551066867,numerical_review_pending
hybrid-one-center,AlN,-0.093365977373014,34.40054655034851,numerical_review_pending
hybrid-one-center,AlP,-0.08585864727854275,6.120746944912739,numerical_review_pending
hybrid-one-center,BN,-0.025481863143627326,32.373776125827646,numerical_review_pending
hybrid-one-center,BP,-0.07229346598487574,9.355335273804258,numerical_review_pending
hybrid-one-center,C,-0.023768482857311035,38.054954217938075,numerical_review_pending
hybrid-one-center,LiCl,-0.15413528234845586,9.863974837266575,numerical_review_pending
hybrid-one-center,MgO,-0.09708634978027586,34.3746593376959,numerical_review_pending
hybrid-one-center,MgS,-0.11832842205977379,5.219739172192789,numerical_review_pending
hybrid-one-center,Si,-0.08274857315797757,-6.170278565178734,numerical_review_pending
hybrid-one-center,SiC,-0.09142861850949302,34.80956266445733,numerical_review_pending
