method,solid,source_method,n_points,E0_Ha_cell,V0_A3_cell,a0_A,B0_GPa,B0_prime,fit_rms_meV_atom,minimum_bracketed,quality_status
gapw-ae,AlN,gapw-ae,9,-1189.4817912205626,79.64339877081153,4.302457559854393,225.8897830844604,3.7068758635197594,0.041840521208989935,True,numerical_review_pending
gapw-ae,AlP,gapw-ae,9,-2335.6603260646443,155.55612094575463,5.378102002574465,101.34881385408939,4.179085479291449,0.08802109667144449,True,numerical_review_pending
gapw-ae,BN,gapw-ae,10,-318.98324565805876,45.40446566176932,3.5675181368563726,420.87377612582765,3.772246549549055,0.12496344837752735,True,numerical_review_pending
gapw-ae,BP,gapw-ae,10,-1465.1950636336155,89.28892965340249,4.469571327104945,183.63952550757017,3.7007647598245734,0.031125354561075045,True,numerical_review_pending
gapw-ae,C,gapw-ae,10,-304.9641260544729,43.95825528952906,3.529231517142689,491.3549542179381,3.756438092746205,0.05417504287260183,True,numerical_review_pending
gapw-ae,LiCl,gapw-ae,10,-1871.6026373316092,118.76930943975114,4.915504263427617,46.365408326126115,4.029174013984901,0.02046337990325459,True,numerical_review_pending
gapw-ae,MgO,gapw-ae,10,-1102.037864704607,68.5922964483398,4.09347159428082,198.70856743507954,4.0923154262917505,0.01896152119007242,True,numerical_review_pending
gapw-ae,MgS,gapw-ae,10,-2393.853961090835,129.0644663301622,5.053615896494688,90.2743721035944,3.681520190083591,0.011732025652341167,True,numerical_review_pending
gapw-ae,Si,gapw-ae,10,-2316.219587682091,155.2040387944898,5.374041379943183,100.56318728348067,4.543629976783342,0.3496206047905948,True,numerical_review_pending
gapw-ae,SiC,gapw-ae,10,-1310.719074428115,79.0663679839108,4.292041670567093,241.67573369169475,3.8536932305736795,0.04493389019913792,True,numerical_review_pending
gapwxc-gth,AlN,gapwxc-gth,9,-48.74017401879205,78.46522257227372,4.28113645274018,239.07143133522817,2.8015590854526895,0.6738661167373113,True,numerical_review_pending
gapwxc-gth,AlP,gapwxc-gth,9,-35.01091987377594,154.17929574008855,5.362187787323757,94.33634538877703,3.959239907223758,0.14306443176142455,True,numerical_review_pending
gapwxc-gth,BN,gapwxc-gth,10,-51.56505856185952,45.794366662468974,3.577700807817212,423.393535500087,3.7126062761747423,0.13060026297205898,True,numerical_review_pending
gapwxc-gth,BP,gapwxc-gth,10,-37.958565019859684,87.75898314856028,4.443895735854454,187.9279651923091,4.080588140310812,0.07232187502897254,True,numerical_review_pending
gapwxc-gth,C,gapwxc-gth,10,-45.49361902250295,44.154553023204784,3.5344770353437354,457.33331158364274,3.6109451282694214,0.1733595786628494,True,numerical_review_pending
gapwxc-gth,LiCl,gapwxc-gth,10,-90.54510169667661,118.23301692791583,4.908094588626589,47.97598270280714,4.026911611848349,0.04347284053551073,True,numerical_review_pending
gapwxc-gth,MgO,gapwxc-gth,10,-318.1176558875237,69.2213877577976,4.105947896182973,188.27590808674427,3.8643761503961116,0.2921190884613357,True,numerical_review_pending
gapwxc-gth,MgS,gapwxc-gth,10,-294.7133632152255,130.23840399545884,5.068891810739984,87.89570728195228,4.348863925872178,0.15967330520835513,True,numerical_review_pending
gapwxc-gth,Si,gapwxc-gth,10,-31.62414170600938,152.1509393486324,5.338569234117036,92.7635082294711,5.095708463456011,0.5701723972607516,True,numerical_review_pending
gapwxc-gth,SiC,gapwxc-gth,10,-38.75487860863873,76.86042295570554,4.251748723606388,263.88722577515944,4.107471709033894,0.13094333859374446,True,numerical_review_pending
hybrid-direct,AlN,hybrid-direct,9,-227.98446913107878,78.10943075299436,4.274655868754468,240.41657973564486,3.3389771965890778,0.30279595047955554,True,numerical_review_pending
hybrid-direct,AlP,hybrid-direct,9,-35.010794730124175,154.12854916935635,5.361599419302041,96.35812067250258,4.77770699855744,0.3362184368005589,True,numerical_review_pending
hybrid-direct,BN,gapw-ae,10,-318.98324565805876,45.40446566176932,3.5675181368563726,420.87377612582765,3.772246549549055,0.12496344837752735,True,numerical_review_pending
hybrid-direct,BP,hybrid-direct,10,-126.10941079317958,88.2825587997316,4.452715739935244,185.85728146786454,3.9176235289091292,0.05320205231786373,True,numerical_review_pending
hybrid-direct,C,gapw-ae,10,-304.9641260544729,43.95825528952906,3.529231517142689,491.3549542179381,3.756438092746205,0.05417504287260183,True,numerical_review_pending
hybrid-direct,LiCl,hybrid-direct,10,-90.75216839938538,118.93804956958377,4.917831043901308,47.1319005967949,3.9053667863771317,0.03304824264705716,True,numerical_review_pending
hybrid-direct,MgO,hybrid-direct,10,-554.8726953530196,68.5343283605911,4.092318123653586,213.12664838646177,4.207865316406372,0.3562218316999036,True,numerical_review_pending
hybrid-direct,MgS,hybrid-direct,10,-294.7142058188774,130.3228032537944,5.069986516851253,84.17363543425617,3.167267380997464,0.2585111002980158,True,numerical_review_pending
hybrid-direct,Si,hybrid-direct,10,-31.624179055828115,152.12436460907907,5.338258403858291,94.12943961350574,5.256507466031926,0.3633507798236313,True,numerical_review_pending
hybrid-direct,SiC,hybrid-direct,10,-168.4628445222326,77.06879188989123,4.255587426416563,263.7280855106687,4.167825406847713,0.056100156168705215,True,numerical_review_pending
hybrid-one-center,AlN,hybrid-one-center,9,-227.98448627463236,78.10823319704126,4.274634022626986,240.4005465503485,3.3379605115392867,0.3026728238006122,True,numerical_review_pending
hybrid-one-center,AlP,hybrid-one-center,9,-35.01086016090035,154.17529036435315,5.362141352721458,93.12074694491274,3.787283565543617,0.2877524671861996,True,numerical_review_pending
hybrid-one-center,BN,gapw-ae,10,-318.98324565805876,45.40446566176932,3.5675181368563726,420.87377612582765,3.772246549549055,0.12496344837752735,True,numerical_review_pending
hybrid-one-center,BP,hybrid-one-center,10,-126.10941642592631,88.28201123243691,4.452706534015125,185.85533527380426,3.9175172648730303,0.05319554437459367,True,numerical_review_pending
hybrid-one-center,C,gapw-ae,10,-304.9641260544729,43.95825528952906,3.529231517142689,491.3549542179381,3.756438092746205,0.05417504287260183,True,numerical_review_pending
hybrid-one-center,LiCl,hybrid-one-center,10,-90.752169445586,118.94049279154265,4.917864717651544,47.16397483726657,3.915013443334705,0.03278464585796673,True,numerical_review_pending
hybrid-one-center,MgO,hybrid-one-center,10,-554.8721036150507,68.514009137171,4.091913650219724,207.3746593376959,4.180939262409523,0.03933810376554826,True,numerical_review_pending
hybrid-one-center,MgS,hybrid-one-center,10,-294.7134743351495,130.29851847191833,5.069671577940226,86.21973917219279,3.8651171299754252,0.09931128685616913,True,numerical_review_pending
hybrid-one-center,Si,hybrid-one-center,10,-31.624182223467503,152.1237681377025,5.338251426842023,94.12972143482126,5.256513086817988,0.36338661792579907,True,numerical_review_pending
hybrid-one-center,SiC,hybrid-one-center,10,-168.46285733727004,77.06792017117354,4.255571381490507,263.70956266445734,4.166717598073771,0.05573056370505636,True,numerical_review_pending
