source,method,solid,property,value,reference,error
NativeSkala,gapw-ae,AlN,a_A,4.302457559854393,4.368,-0.06554244014560773
NativeSkala,gapw-ae,AlN,B0_GPa,225.8897830844604,206.0,19.88978308446039
NativeSkala,gapw-ae,AlP,a_A,5.378102002574465,5.448,-0.06989799742553515
NativeSkala,gapw-ae,AlP,B0_GPa,101.34881385408939,87.0,14.348813854089386
NativeSkala,gapw-ae,BN,a_A,3.5675181368563726,3.593,-0.025481863143627326
NativeSkala,gapw-ae,BN,B0_GPa,420.87377612582765,388.5,32.373776125827646
NativeSkala,gapw-ae,BP,a_A,4.469571327104945,4.525,-0.055428672895055264
NativeSkala,gapw-ae,BP,B0_GPa,183.63952550757017,176.5,7.13952550757017
NativeSkala,gapw-ae,C,a_A,3.529231517142689,3.553,-0.023768482857311035
NativeSkala,gapw-ae,C,B0_GPa,491.3549542179381,453.3,38.054954217938075
NativeSkala,gapw-ae,LiCl,a_A,4.915504263427617,5.072,-0.15649573657238314
NativeSkala,gapw-ae,LiCl,B0_GPa,46.365408326126115,37.3,9.065408326126118
NativeSkala,gapw-ae,MgO,a_A,4.09347159428082,4.189,-0.09552840571917987
NativeSkala,gapw-ae,MgO,B0_GPa,198.70856743507954,173.0,25.708567435079544
NativeSkala,gapw-ae,MgS,a_A,5.053615896494688,5.188,-0.13438410350531171
NativeSkala,gapw-ae,MgS,B0_GPa,90.2743721035944,81.0,9.274372103594402
NativeSkala,gapw-ae,Si,a_A,5.374041379943183,5.421,-0.0469586200568175
NativeSkala,gapw-ae,Si,B0_GPa,100.56318728348067,100.3,0.26318728348067566
NativeSkala,gapw-ae,SiC,a_A,4.292041670567093,4.347,-0.05495832943290768
NativeSkala,gapw-ae,SiC,B0_GPa,241.67573369169475,228.9,12.77573369169474
NativeSkala,gapwxc-gth,AlN,a_A,4.28113645274018,4.368,-0.0868635472598207
NativeSkala,gapwxc-gth,AlN,B0_GPa,239.07143133522817,206.0,33.07143133522817
NativeSkala,gapwxc-gth,AlP,a_A,5.362187787323757,5.448,-0.0858122126762435
NativeSkala,gapwxc-gth,AlP,B0_GPa,94.33634538877703,87.0,7.336345388777033
NativeSkala,gapwxc-gth,BN,a_A,3.577700807817212,3.593,-0.01529919218278808
NativeSkala,gapwxc-gth,BN,B0_GPa,423.393535500087,388.5,34.89353550008701
NativeSkala,gapwxc-gth,BP,a_A,4.443895735854454,4.525,-0.08110426414554617
NativeSkala,gapwxc-gth,BP,B0_GPa,187.9279651923091,176.5,11.427965192309102
NativeSkala,gapwxc-gth,C,a_A,3.5344770353437354,3.553,-0.018522964656264573
NativeSkala,gapwxc-gth,C,B0_GPa,457.33331158364274,453.3,4.033311583642728
NativeSkala,gapwxc-gth,LiCl,a_A,4.908094588626589,5.072,-0.16390541137341064
NativeSkala,gapwxc-gth,LiCl,B0_GPa,47.97598270280714,37.3,10.67598270280714
NativeSkala,gapwxc-gth,MgO,a_A,4.105947896182973,4.189,-0.08305210381702732
NativeSkala,gapwxc-gth,MgO,B0_GPa,188.27590808674427,173.0,15.275908086744266
NativeSkala,gapwxc-gth,MgS,a_A,5.068891810739984,5.188,-0.11910818926001543
NativeSkala,gapwxc-gth,MgS,B0_GPa,87.89570728195228,81.0,6.8957072819522836
NativeSkala,gapwxc-gth,Si,a_A,5.338569234117036,5.421,-0.08243076588296461
NativeSkala,gapwxc-gth,Si,B0_GPa,92.7635082294711,100.3,-7.536491770528897
NativeSkala,gapwxc-gth,SiC,a_A,4.251748723606388,4.347,-0.0952512763936122
NativeSkala,gapwxc-gth,SiC,B0_GPa,263.88722577515944,228.9,34.98722577515943
NativeSkala,hybrid-direct,AlN,a_A,4.274655868754468,4.368,-0.09334413124553276
NativeSkala,hybrid-direct,AlN,B0_GPa,240.41657973564486,206.0,34.41657973564486
NativeSkala,hybrid-direct,AlP,a_A,5.361599419302041,5.448,-0.0864005806979593
NativeSkala,hybrid-direct,AlP,B0_GPa,96.35812067250258,87.0,9.35812067250258
NativeSkala,hybrid-direct,BN,a_A,3.5675181368563726,3.593,-0.025481863143627326
NativeSkala,hybrid-direct,BN,B0_GPa,420.87377612582765,388.5,32.373776125827646
NativeSkala,hybrid-direct,BP,a_A,4.452715739935244,4.525,-0.07228426006475619
NativeSkala,hybrid-direct,BP,B0_GPa,185.85728146786454,176.5,9.357281467864539
NativeSkala,hybrid-direct,C,a_A,3.529231517142689,3.553,-0.023768482857311035
NativeSkala,hybrid-direct,C,B0_GPa,491.3549542179381,453.3,38.054954217938075
NativeSkala,hybrid-direct,LiCl,a_A,4.917831043901308,5.072,-0.15416895609869208
NativeSkala,hybrid-direct,LiCl,B0_GPa,47.1319005967949,37.3,9.831900596794902
NativeSkala,hybrid-direct,MgO,a_A,4.092318123653586,4.189,-0.09668187634641434
NativeSkala,hybrid-direct,MgO,B0_GPa,213.12664838646177,173.0,40.12664838646177
NativeSkala,hybrid-direct,MgS,a_A,5.069986516851253,5.188,-0.11801348314874716
NativeSkala,hybrid-direct,MgS,B0_GPa,84.17363543425617,81.0,3.1736354342561697
NativeSkala,hybrid-direct,Si,a_A,5.338258403858291,5.421,-0.08274159614170884
NativeSkala,hybrid-direct,Si,B0_GPa,94.12943961350574,100.3,-6.170560386494259
NativeSkala,hybrid-direct,SiC,a_A,4.255587426416563,4.347,-0.09141257358343768
NativeSkala,hybrid-direct,SiC,B0_GPa,263.7280855106687,228.9,34.82808551066867
NativeSkala,hybrid-one-center,AlN,a_A,4.274634022626986,4.368,-0.093365977373014
NativeSkala,hybrid-one-center,AlN,B0_GPa,240.4005465503485,206.0,34.40054655034851
NativeSkala,hybrid-one-center,AlP,a_A,5.362141352721458,5.448,-0.08585864727854275
NativeSkala,hybrid-one-center,AlP,B0_GPa,93.12074694491274,87.0,6.120746944912739
NativeSkala,hybrid-one-center,BN,a_A,3.5675181368563726,3.593,-0.025481863143627326
NativeSkala,hybrid-one-center,BN,B0_GPa,420.87377612582765,388.5,32.373776125827646
NativeSkala,hybrid-one-center,BP,a_A,4.452706534015125,4.525,-0.07229346598487574
NativeSkala,hybrid-one-center,BP,B0_GPa,185.85533527380426,176.5,9.355335273804258
NativeSkala,hybrid-one-center,C,a_A,3.529231517142689,3.553,-0.023768482857311035
NativeSkala,hybrid-one-center,C,B0_GPa,491.3549542179381,453.3,38.054954217938075
NativeSkala,hybrid-one-center,LiCl,a_A,4.917864717651544,5.072,-0.15413528234845586
NativeSkala,hybrid-one-center,LiCl,B0_GPa,47.16397483726657,37.3,9.863974837266575
NativeSkala,hybrid-one-center,MgO,a_A,4.091913650219724,4.189,-0.09708634978027586
NativeSkala,hybrid-one-center,MgO,B0_GPa,207.3746593376959,173.0,34.3746593376959
NativeSkala,hybrid-one-center,MgS,a_A,5.069671577940226,5.188,-0.11832842205977379
NativeSkala,hybrid-one-center,MgS,B0_GPa,86.21973917219279,81.0,5.219739172192789
NativeSkala,hybrid-one-center,Si,a_A,5.338251426842023,5.421,-0.08274857315797757
NativeSkala,hybrid-one-center,Si,B0_GPa,94.12972143482126,100.3,-6.170278565178734
NativeSkala,hybrid-one-center,SiC,a_A,4.255571381490507,4.347,-0.09142861850949302
NativeSkala,hybrid-one-center,SiC,B0_GPa,263.70956266445734,228.9,34.80956266445733
Goldzak2022,HF,C,a_A,3.547,3.553,-0.005999999999999783
Goldzak2022,HF,C,B0_GPa,500.6,453.3,47.30000000000001
Goldzak2022,MP2,C,a_A,3.54,3.553,-0.0129999999999999
Goldzak2022,MP2,C,B0_GPa,466.8,453.3,13.5
Goldzak2022,SCS-MP2,C,a_A,3.55,3.553,-0.0030000000000001137
Goldzak2022,SCS-MP2,C,B0_GPa,460.1,453.3,6.800000000000011
Goldzak2022,SOS-MP2,C,a_A,3.554,3.553,0.0009999999999998899
Goldzak2022,SOS-MP2,C,B0_GPa,456.8,453.3,3.5
Goldzak2022,HF,Si,a_A,5.508,5.421,0.08699999999999974
Goldzak2022,HF,Si,B0_GPa,102.1,100.3,1.7999999999999972
Goldzak2022,MP2,Si,a_A,5.399,5.421,-0.02200000000000024
Goldzak2022,MP2,Si,B0_GPa,99.6,100.3,-0.7000000000000028
Goldzak2022,SCS-MP2,Si,a_A,5.425,5.421,0.0039999999999995595
Goldzak2022,SCS-MP2,Si,B0_GPa,98.2,100.3,-2.0999999999999943
Goldzak2022,SOS-MP2,Si,a_A,5.437,5.421,0.016000000000000014
Goldzak2022,SOS-MP2,Si,B0_GPa,97.6,100.3,-2.700000000000003
Goldzak2022,HF,SiC,a_A,4.371,4.347,0.02400000000000002
Goldzak2022,HF,SiC,B0_GPa,242.7,228.9,13.799999999999983
Goldzak2022,MP2,SiC,a_A,4.35,4.347,0.0029999999999992255
Goldzak2022,MP2,SiC,B0_GPa,229.1,228.9,0.19999999999998863
Goldzak2022,SCS-MP2,SiC,a_A,4.358,4.347,0.010999999999999233
Goldzak2022,SCS-MP2,SiC,B0_GPa,227.0,228.9,-1.9000000000000057
Goldzak2022,SOS-MP2,SiC,a_A,4.362,4.347,0.01499999999999968
Goldzak2022,SOS-MP2,SiC,B0_GPa,225.9,228.9,-3.0
Goldzak2022,HF,BN,a_A,3.596,3.593,0.0030000000000001137
Goldzak2022,HF,BN,B0_GPa,430.2,388.5,41.69999999999999
Goldzak2022,MP2,BN,a_A,3.596,3.593,0.0030000000000001137
Goldzak2022,MP2,BN,B0_GPa,396.5,388.5,8.0
Goldzak2022,SCS-MP2,BN,a_A,3.603,3.593,0.010000000000000231
Goldzak2022,SCS-MP2,BN,B0_GPa,394.0,388.5,5.5
Goldzak2022,SOS-MP2,BN,a_A,3.606,3.593,0.0129999999999999
Goldzak2022,SOS-MP2,BN,B0_GPa,392.7,388.5,4.199999999999989
Goldzak2022,HF,BP,a_A,4.584,4.525,0.058999999999999275
Goldzak2022,HF,BP,B0_GPa,174.8,176.5,-1.6999999999999886
Goldzak2022,MP2,BP,a_A,4.495,4.525,-0.03000000000000025
Goldzak2022,MP2,BP,B0_GPa,180.9,176.5,4.400000000000006
Goldzak2022,SCS-MP2,BP,a_A,4.517,4.525,-0.008000000000000007
Goldzak2022,SCS-MP2,BP,B0_GPa,176.2,176.5,-0.30000000000001137
Goldzak2022,SOS-MP2,BP,a_A,4.528,4.525,0.0029999999999992255
Goldzak2022,SOS-MP2,BP,B0_GPa,174.1,176.5,-2.4000000000000057
Goldzak2022,HF,AlN,a_A,4.365,4.368,-0.0030000000000001137
Goldzak2022,HF,AlN,B0_GPa,226.1,206.0,20.099999999999994
Goldzak2022,MP2,AlN,a_A,4.388,4.368,0.019999999999999574
Goldzak2022,MP2,AlN,B0_GPa,200.0,206.0,-6.0
Goldzak2022,SCS-MP2,AlN,a_A,4.389,4.368,0.020999999999999908
Goldzak2022,SCS-MP2,AlN,B0_GPa,201.3,206.0,-4.699999999999989
Goldzak2022,SOS-MP2,AlN,a_A,4.389,4.368,0.020999999999999908
Goldzak2022,SOS-MP2,AlN,B0_GPa,201.9,206.0,-4.099999999999994
Goldzak2022,HF,AlP,a_A,5.542,5.448,0.09399999999999942
Goldzak2022,HF,AlP,B0_GPa,93.9,87.0,6.900000000000006
Goldzak2022,MP2,AlP,a_A,5.444,5.448,-0.004000000000000448
Goldzak2022,MP2,AlP,B0_GPa,93.2,87.0,6.200000000000003
Goldzak2022,SCS-MP2,AlP,a_A,5.465,5.448,0.01699999999999946
Goldzak2022,SCS-MP2,AlP,B0_GPa,92.0,87.0,5.0
Goldzak2022,SOS-MP2,AlP,a_A,5.475,5.448,0.026999999999999247
Goldzak2022,SOS-MP2,AlP,B0_GPa,91.4,87.0,4.400000000000006
Goldzak2022,HF,MgO,a_A,4.176,4.189,-0.0129999999999999
Goldzak2022,HF,MgO,B0_GPa,180.2,173.0,7.199999999999989
Goldzak2022,MP2,MgO,a_A,4.227,4.189,0.038000000000000256
Goldzak2022,MP2,MgO,B0_GPa,157.8,173.0,-15.199999999999989
Goldzak2022,SCS-MP2,MgO,a_A,4.224,4.189,0.03500000000000014
Goldzak2022,SCS-MP2,MgO,B0_GPa,159.5,173.0,-13.5
Goldzak2022,SOS-MP2,MgO,a_A,4.223,4.189,0.03399999999999981
Goldzak2022,SOS-MP2,MgO,B0_GPa,160.4,173.0,-12.599999999999994
Goldzak2022,HF,MgS,a_A,5.281,5.188,0.09299999999999997
Goldzak2022,HF,MgS,B0_GPa,76.9,81.0,-4.099999999999994
Goldzak2022,MP2,MgS,a_A,5.171,5.188,-0.01699999999999946
Goldzak2022,MP2,MgS,B0_GPa,83.0,81.0,2.0
Goldzak2022,SCS-MP2,MgS,a_A,5.191,5.188,0.0030000000000001137
Goldzak2022,SCS-MP2,MgS,B0_GPa,81.4,81.0,0.4000000000000057
Goldzak2022,SOS-MP2,MgS,a_A,5.201,5.188,0.0129999999999999
Goldzak2022,SOS-MP2,MgS,B0_GPa,80.7,81.0,-0.29999999999999716
Goldzak2022,HF,LiCl,a_A,5.253,5.072,0.18100000000000005
Goldzak2022,HF,LiCl,B0_GPa,29.6,37.3,-7.699999999999996
Goldzak2022,MP2,LiCl,a_A,5.021,5.072,-0.051000000000000156
Goldzak2022,MP2,LiCl,B0_GPa,38.2,37.3,0.9000000000000057
Goldzak2022,SCS-MP2,LiCl,a_A,5.059,5.072,-0.0129999999999999
Goldzak2022,SCS-MP2,LiCl,B0_GPa,36.5,37.3,-0.7999999999999972
Goldzak2022,SOS-MP2,LiCl,a_A,5.078,5.072,0.006000000000000227
Goldzak2022,SOS-MP2,LiCl,B0_GPa,35.7,37.3,-1.5999999999999943
Zhang2018,LDA,AlP,a_A,5.434,5.448,-0.014000000000000234
Zhang2018,LDA,AlP,B0_GPa,89.4,87.0,2.4000000000000057
Zhang2018,PBE,AlP,a_A,5.508,5.448,0.05999999999999961
Zhang2018,PBE,AlP,B0_GPa,82.4,87.0,-4.599999999999994
Zhang2018,PBEsol,AlP,a_A,5.47,5.448,0.021999999999999353
Zhang2018,PBEsol,AlP,B0_GPa,86.6,87.0,-0.4000000000000057
Zhang2018,M06-L,AlP,a_A,5.457,5.448,0.008999999999999453
Zhang2018,M06-L,AlP,B0_GPa,91.1,87.0,4.099999999999994
Zhang2018,SCAN,AlP,a_A,5.475,5.448,0.026999999999999247
Zhang2018,SCAN,AlP,B0_GPa,89.5,87.0,2.5
Zhang2018,HSE06,AlP,a_A,5.482,5.448,0.03399999999999981
Zhang2018,HSE06,AlP,B0_GPa,94.5,87.0,7.5
Zhang2018,LDA,BN,a_A,3.582,3.593,-0.01100000000000012
Zhang2018,LDA,BN,B0_GPa,402.1,388.5,13.600000000000023
Zhang2018,PBE,BN,a_A,3.626,3.593,0.03299999999999992
Zhang2018,PBE,BN,B0_GPa,374.1,388.5,-14.399999999999977
Zhang2018,PBEsol,BN,a_A,3.607,3.593,0.014000000000000234
Zhang2018,PBEsol,BN,B0_GPa,388.0,388.5,-0.5
Zhang2018,M06-L,BN,a_A,3.603,3.593,0.010000000000000231
Zhang2018,M06-L,BN,B0_GPa,391.7,388.5,3.1999999999999886
Zhang2018,SCAN,BN,a_A,3.605,3.593,0.01200000000000001
Zhang2018,SCAN,BN,B0_GPa,394.5,388.5,6.0
Zhang2018,HSE06,BN,a_A,3.601,3.593,0.008000000000000007
Zhang2018,HSE06,BN,B0_GPa,399.6,388.5,11.100000000000023
Zhang2018,LDA,BP,a_A,4.492,4.525,-0.03300000000000036
Zhang2018,LDA,BP,B0_GPa,175.2,176.5,-1.3000000000000114
Zhang2018,PBE,BP,a_A,4.549,4.525,0.02400000000000002
Zhang2018,PBE,BP,B0_GPa,162.0,176.5,-14.5
Zhang2018,PBEsol,BP,a_A,4.521,4.525,-0.004000000000000448
Zhang2018,PBEsol,BP,B0_GPa,169.5,176.5,-7.0
Zhang2018,M06-L,BP,a_A,4.519,4.525,-0.006000000000000227
Zhang2018,M06-L,BP,B0_GPa,170.1,176.5,-6.400000000000006
Zhang2018,SCAN,BP,a_A,4.528,4.525,0.0029999999999992255
Zhang2018,SCAN,BP,B0_GPa,171.1,176.5,-5.400000000000006
Zhang2018,HSE06,BP,a_A,4.53,4.525,0.004999999999999893
Zhang2018,HSE06,BP,B0_GPa,173.0,176.5,-3.5
Zhang2018,LDA,C,a_A,3.532,3.553,-0.020999999999999908
Zhang2018,LDA,C,B0_GPa,467.0,453.3,13.699999999999989
Zhang2018,PBE,C,a_A,3.572,3.553,0.019000000000000128
Zhang2018,PBE,C,B0_GPa,434.3,453.3,-19.0
Zhang2018,PBEsol,C,a_A,3.555,3.553,0.002000000000000224
Zhang2018,PBEsol,C,B0_GPa,451.2,453.3,-2.1000000000000227
Zhang2018,M06-L,C,a_A,3.551,3.553,-0.0019999999999997797
Zhang2018,M06-L,C,B0_GPa,452.8,453.3,-0.5
Zhang2018,SCAN,C,a_A,3.551,3.553,-0.0019999999999997797
Zhang2018,SCAN,C,B0_GPa,459.6,453.3,6.300000000000011
Zhang2018,HSE06,C,a_A,3.549,3.553,-0.0040000000000000036
Zhang2018,HSE06,C,B0_GPa,468.8,453.3,15.5
Zhang2018,LDA,LiCl,a_A,4.966,5.072,-0.10599999999999987
Zhang2018,LDA,LiCl,B0_GPa,40.8,37.3,3.5
Zhang2018,PBE,LiCl,a_A,5.151,5.072,0.07899999999999974
Zhang2018,PBE,LiCl,B0_GPa,31.7,37.3,-5.599999999999998
Zhang2018,PBEsol,LiCl,a_A,5.064,5.072,-0.008000000000000007
Zhang2018,PBEsol,LiCl,B0_GPa,35.0,37.3,-2.299999999999997
Zhang2018,M06-L,LiCl,a_A,5.117,5.072,0.04499999999999993
Zhang2018,M06-L,LiCl,B0_GPa,35.0,37.3,-2.299999999999997
Zhang2018,SCAN,LiCl,a_A,5.109,5.072,0.03699999999999992
Zhang2018,SCAN,LiCl,B0_GPa,36.3,37.3,-1.0
Zhang2018,HSE06,LiCl,a_A,5.107,5.072,0.03500000000000014
Zhang2018,HSE06,LiCl,B0_GPa,35.1,37.3,-2.1999999999999957
Zhang2018,LDA,MgO,a_A,4.164,4.189,-0.025000000000000355
Zhang2018,LDA,MgO,B0_GPa,171.7,173.0,-1.3000000000000114
Zhang2018,PBE,MgO,a_A,4.254,4.189,0.0649999999999995
Zhang2018,PBE,MgO,B0_GPa,149.4,173.0,-23.599999999999994
Zhang2018,PBEsol,MgO,a_A,4.214,4.189,0.025000000000000355
Zhang2018,PBEsol,MgO,B0_GPa,157.7,173.0,-15.300000000000011
Zhang2018,M06-L,MgO,a_A,4.2,4.189,0.01100000000000012
Zhang2018,M06-L,MgO,B0_GPa,165.3,173.0,-7.699999999999989
Zhang2018,SCAN,MgO,a_A,4.194,4.189,0.004999999999999893
Zhang2018,SCAN,MgO,B0_GPa,169.6,173.0,-3.4000000000000057
Zhang2018,HSE06,MgO,a_A,4.208,4.189,0.019000000000000128
Zhang2018,HSE06,MgO,B0_GPa,165.0,173.0,-8.0
Zhang2018,LDA,MgS,a_A,5.139,5.188,-0.04899999999999949
Zhang2018,LDA,MgS,B0_GPa,82.8,81.0,1.7999999999999972
Zhang2018,PBE,MgS,a_A,5.231,5.188,0.04300000000000015
Zhang2018,PBE,MgS,B0_GPa,73.8,81.0,-7.200000000000003
Zhang2018,PBEsol,MgS,a_A,5.182,5.188,-0.005999999999999339
Zhang2018,PBEsol,MgS,B0_GPa,78.0,81.0,-3.0
Zhang2018,M06-L,MgS,a_A,5.179,5.188,-0.008999999999999453
Zhang2018,M06-L,MgS,B0_GPa,81.5,81.0,0.5
Zhang2018,SCAN,MgS,a_A,5.195,5.188,0.007000000000000561
Zhang2018,SCAN,MgS,B0_GPa,80.1,81.0,-0.9000000000000057
Zhang2018,HSE06,MgS,a_A,5.207,5.188,0.019000000000000128
Zhang2018,HSE06,MgS,B0_GPa,78.8,81.0,-2.200000000000003
Zhang2018,LDA,Si,a_A,5.405,5.421,-0.016000000000000014
Zhang2018,LDA,Si,B0_GPa,96.2,100.3,-4.099999999999994
Zhang2018,PBE,Si,a_A,5.47,5.421,0.04899999999999949
Zhang2018,PBE,Si,B0_GPa,88.6,100.3,-11.700000000000003
Zhang2018,PBEsol,Si,a_A,5.431,5.421,0.009999999999999787
Zhang2018,PBEsol,Si,B0_GPa,95.3,100.3,-5.0
Zhang2018,M06-L,Si,a_A,5.425,5.421,0.0039999999999995595
Zhang2018,M06-L,Si,B0_GPa,97.7,100.3,-2.5999999999999943
Zhang2018,SCAN,Si,a_A,5.433,5.421,0.011999999999999567
Zhang2018,SCAN,Si,B0_GPa,99.1,100.3,-1.2000000000000028
Zhang2018,HSE06,Si,a_A,5.444,5.421,0.022999999999999687
Zhang2018,HSE06,Si,B0_GPa,97.6,100.3,-2.700000000000003
Zhang2018,LDA,SiC,a_A,4.33,4.347,-0.017000000000000348
Zhang2018,LDA,SiC,B0_GPa,228.7,228.9,-0.20000000000001705
Zhang2018,PBE,SiC,a_A,4.381,4.347,0.03399999999999981
Zhang2018,PBE,SiC,B0_GPa,212.9,228.9,-16.0
Zhang2018,PBEsol,SiC,a_A,4.358,4.347,0.010999999999999233
Zhang2018,PBEsol,SiC,B0_GPa,222.0,228.9,-6.900000000000006
Zhang2018,M06-L,SiC,a_A,4.328,4.347,-0.019000000000000128
Zhang2018,M06-L,SiC,B0_GPa,225.1,228.9,-3.8000000000000114
Zhang2018,SCAN,SiC,a_A,4.353,4.347,0.005999999999999339
Zhang2018,SCAN,SiC,B0_GPa,229.9,228.9,1.0
Zhang2018,HSE06,SiC,a_A,4.353,4.347,0.005999999999999339
Zhang2018,HSE06,SiC,B0_GPa,228.9,228.9,0.0
