key,CUTOFF,REL_CUTOFF,RADIAL_GRID,LEBEDEV_GRID,SCHEME,EPS_SCF
gapw-ae/AlN/v01,800,60,150,770,MONKHORST-PACK 5 5 5,5e-6
gapw-ae/AlN/v02,800,60,150,770,MONKHORST-PACK 5 5 5,5e-6
gapw-ae/AlN/v03,800,60,150,770,MONKHORST-PACK 5 5 5,5e-6
gapw-ae/AlN/v04,800,60,150,770,MONKHORST-PACK 5 5 5,5e-6
gapw-ae/AlN/v05,800,60,150,770,MONKHORST-PACK 5 5 5,5e-6
gapw-ae/AlN/v06,800,60,150,770,MONKHORST-PACK 5 5 5,5e-6
gapw-ae/AlN/v07,800,60,150,770,MONKHORST-PACK 5 5 5,5e-6
gapw-ae/AlN/v08,800,60,150,770,MONKHORST-PACK 5 5 5,5e-6
gapw-ae/AlN/v09,800,60,150,770,MONKHORST-PACK 5 5 5,5e-6
gapw-ae/AlP/v01,800,60,150,770,MONKHORST-PACK 4 4 4,5e-6
gapw-ae/AlP/v02,800,60,150,770,MONKHORST-PACK 4 4 4,5e-6
gapw-ae/AlP/v03,800,60,150,770,MONKHORST-PACK 4 4 4,5e-6
gapw-ae/AlP/v04,800,60,150,770,MONKHORST-PACK 4 4 4,5e-6
gapw-ae/AlP/v05,800,60,150,770,MONKHORST-PACK 4 4 4,5e-6
gapw-ae/AlP/v06,800,60,150,770,MONKHORST-PACK 4 4 4,5e-6
gapw-ae/AlP/v07,800,60,150,770,MONKHORST-PACK 4 4 4,5e-6
gapw-ae/AlP/v08,800,60,150,770,MONKHORST-PACK 4 4 4,5e-6
gapw-ae/AlP/v09,800,60,150,770,MONKHORST-PACK 4 4 4,5e-6
gapw-ae/BN/v01,800,60,150,770,MONKHORST-PACK 7 7 7,5e-6
gapw-ae/BN/v02,800,60,150,770,MONKHORST-PACK 6 6 6,5e-6
gapw-ae/BN/v03,800,60,150,770,MONKHORST-PACK 6 6 6,5e-6
gapw-ae/BN/v04,800,60,150,770,MONKHORST-PACK 6 6 6,5e-6
gapw-ae/BN/v05,800,60,150,770,MONKHORST-PACK 6 6 6,5e-6
gapw-ae/BN/v06,800,60,150,770,MONKHORST-PACK 6 6 6,5e-6
gapw-ae/BN/v07,800,60,150,770,MONKHORST-PACK 6 6 6,5e-6
gapw-ae/BN/v08,800,60,150,770,MONKHORST-PACK 6 6 6,5e-6
gapw-ae/BN/v09,800,60,150,770,MONKHORST-PACK 6 6 6,5e-6
gapw-ae/BN/v10,800,60,150,770,MONKHORST-PACK 6 6 6,5e-6
gapw-ae/BP/v01,800,60,150,770,MONKHORST-PACK 5 5 5,5e-6
gapw-ae/BP/v02,800,60,150,770,MONKHORST-PACK 5 5 5,5e-6
gapw-ae/BP/v03,800,60,150,770,MONKHORST-PACK 5 5 5,5e-6
gapw-ae/BP/v04,800,60,150,770,MONKHORST-PACK 5 5 5,5e-6
gapw-ae/BP/v05,800,60,150,770,MONKHORST-PACK 5 5 5,5e-6
gapw-ae/BP/v06,800,60,150,770,MONKHORST-PACK 5 5 5,5e-6
gapw-ae/BP/v07,800,60,150,770,MONKHORST-PACK 5 5 5,5e-6
gapw-ae/BP/v08,800,60,150,770,MONKHORST-PACK 5 5 5,5e-6
gapw-ae/BP/v09,800,60,150,770,MONKHORST-PACK 5 5 5,5e-6
gapw-ae/BP/v10,800,60,150,770,MONKHORST-PACK 5 5 5,5e-6
gapw-ae/C/v01,800,60,150,770,MONKHORST-PACK 7 7 7,5e-6
gapw-ae/C/v02,800,60,150,770,MONKHORST-PACK 7 7 7,5e-6
gapw-ae/C/v03,800,60,150,770,MONKHORST-PACK 7 7 7,5e-6
gapw-ae/C/v04,800,60,150,770,MONKHORST-PACK 6 6 6,5e-6
gapw-ae/C/v05,800,60,150,770,MONKHORST-PACK 6 6 6,5e-6
gapw-ae/C/v06,800,60,150,770,MONKHORST-PACK 6 6 6,5e-6
gapw-ae/C/v07,800,60,150,770,MONKHORST-PACK 6 6 6,5e-6
gapw-ae/C/v08,800,60,150,770,MONKHORST-PACK 6 6 6,5e-6
gapw-ae/C/v09,800,60,150,770,MONKHORST-PACK 6 6 6,5e-6
gapw-ae/C/v10,800,60,150,770,MONKHORST-PACK 6 6 6,5e-6
gapw-ae/LiCl/v01,800,60,150,770,MONKHORST-PACK 5 5 5,5e-6
gapw-ae/LiCl/v02,800,60,150,770,MONKHORST-PACK 5 5 5,5e-6
gapw-ae/LiCl/v03,800,60,150,770,MONKHORST-PACK 5 5 5,5e-6
gapw-ae/LiCl/v04,800,60,150,770,MONKHORST-PACK 5 5 5,5e-6
gapw-ae/LiCl/v05,800,60,150,770,MONKHORST-PACK 5 5 5,5e-6
gapw-ae/LiCl/v06,800,60,150,770,MONKHORST-PACK 5 5 5,5e-6
gapw-ae/LiCl/v07,800,60,150,770,MONKHORST-PACK 5 5 5,5e-6
gapw-ae/LiCl/v08,800,60,150,770,MONKHORST-PACK 5 5 5,5e-6
gapw-ae/LiCl/v09,800,60,150,770,MONKHORST-PACK 5 5 5,5e-6
gapw-ae/LiCl/v10,800,60,150,770,MONKHORST-PACK 5 5 5,5e-6
gapw-ae/MgO/v01,800,60,150,770,MONKHORST-PACK 6 6 6,5e-6
gapw-ae/MgO/v02,800,60,150,770,MONKHORST-PACK 6 6 6,5e-6
gapw-ae/MgO/v03,800,60,150,770,MONKHORST-PACK 6 6 6,5e-6
gapw-ae/MgO/v04,800,60,150,770,MONKHORST-PACK 6 6 6,5e-6
gapw-ae/MgO/v05,800,60,150,770,MONKHORST-PACK 6 6 6,5e-6
gapw-ae/MgO/v06,800,60,150,770,MONKHORST-PACK 5 5 5,5e-6
gapw-ae/MgO/v07,800,60,150,770,MONKHORST-PACK 5 5 5,5e-6
gapw-ae/MgO/v08,800,60,150,770,MONKHORST-PACK 5 5 5,5e-6
gapw-ae/MgO/v09,800,60,150,770,MONKHORST-PACK 5 5 5,5e-6
gapw-ae/MgO/v10,800,60,150,770,MONKHORST-PACK 5 5 5,5e-6
gapw-ae/MgS/v01,800,60,150,770,MONKHORST-PACK 5 5 5,5e-6
gapw-ae/MgS/v02,800,60,150,770,MONKHORST-PACK 5 5 5,5e-6
gapw-ae/MgS/v03,800,60,150,770,MONKHORST-PACK 5 5 5,5e-6
gapw-ae/MgS/v04,800,60,150,770,MONKHORST-PACK 5 5 5,5e-6
gapw-ae/MgS/v05,800,60,150,770,MONKHORST-PACK 5 5 5,5e-6
gapw-ae/MgS/v06,800,60,150,770,MONKHORST-PACK 5 5 5,5e-6
gapw-ae/MgS/v07,800,60,150,770,MONKHORST-PACK 4 4 4,5e-6
gapw-ae/MgS/v08,800,60,150,770,MONKHORST-PACK 4 4 4,5e-6
gapw-ae/MgS/v09,800,60,150,770,MONKHORST-PACK 4 4 4,5e-6
gapw-ae/MgS/v10,800,60,150,770,MONKHORST-PACK 4 4 4,5e-6
gapw-ae/Si/v01,800,60,150,770,MONKHORST-PACK 5 5 5,5e-6
gapw-ae/Si/v02,800,60,150,770,MONKHORST-PACK 4 4 4,5e-6
gapw-ae/Si/v03,800,60,150,770,MONKHORST-PACK 4 4 4,5e-6
gapw-ae/Si/v04,800,60,150,770,MONKHORST-PACK 4 4 4,5e-6
gapw-ae/Si/v05,800,60,150,770,MONKHORST-PACK 4 4 4,5e-6
gapw-ae/Si/v06,800,60,150,770,MONKHORST-PACK 4 4 4,5e-6
gapw-ae/Si/v07,800,60,150,770,MONKHORST-PACK 4 4 4,5e-6
gapw-ae/Si/v08,800,60,150,770,MONKHORST-PACK 4 4 4,5e-6
gapw-ae/Si/v09,800,60,150,770,MONKHORST-PACK 4 4 4,5e-6
gapw-ae/Si/v10,800,60,150,770,MONKHORST-PACK 4 4 4,5e-6
gapw-ae/SiC/v01,800,60,150,770,MONKHORST-PACK 5 5 5,5e-6
gapw-ae/SiC/v02,800,60,150,770,MONKHORST-PACK 5 5 5,5e-6
gapw-ae/SiC/v03,800,60,150,770,MONKHORST-PACK 5 5 5,5e-6
gapw-ae/SiC/v04,800,60,150,770,MONKHORST-PACK 5 5 5,5e-6
gapw-ae/SiC/v05,800,60,150,770,MONKHORST-PACK 5 5 5,5e-6
gapw-ae/SiC/v06,800,60,150,770,MONKHORST-PACK 5 5 5,5e-6
gapw-ae/SiC/v07,800,60,150,770,MONKHORST-PACK 5 5 5,5e-6
gapw-ae/SiC/v08,800,60,150,770,MONKHORST-PACK 5 5 5,5e-6
gapw-ae/SiC/v09,800,60,150,770,MONKHORST-PACK 5 5 5,5e-6
gapw-ae/SiC/v10,800,60,150,770,MONKHORST-PACK 5 5 5,5e-6
gapwxc-gth/AlN/v01,800,60,150,770,MONKHORST-PACK 5 5 5,5.0E-7
gapwxc-gth/AlN/v02,800,60,150,770,MONKHORST-PACK 5 5 5,5.0E-7
gapwxc-gth/AlN/v03,800,60,150,770,MONKHORST-PACK 5 5 5,5.0E-7
gapwxc-gth/AlN/v04,800,60,150,770,MONKHORST-PACK 5 5 5,5.0E-7
gapwxc-gth/AlN/v05,800,60,150,770,MONKHORST-PACK 5 5 5,5.0E-7
gapwxc-gth/AlN/v06,800,60,150,770,MONKHORST-PACK 5 5 5,5.0E-7
gapwxc-gth/AlN/v07,800,60,150,770,MONKHORST-PACK 5 5 5,5.0E-7
gapwxc-gth/AlN/v08,800,60,150,770,MONKHORST-PACK 5 5 5,5.0E-7
gapwxc-gth/AlN/v09,800,60,150,770,MONKHORST-PACK 5 5 5,5.0E-7
gapwxc-gth/AlP/v01,800,60,150,770,MONKHORST-PACK 4 4 4,5.0E-7
gapwxc-gth/AlP/v02,800,60,150,770,MONKHORST-PACK 4 4 4,5.0E-7
gapwxc-gth/AlP/v03,800,60,150,770,MONKHORST-PACK 4 4 4,5.0E-7
gapwxc-gth/AlP/v04,800,60,150,770,MONKHORST-PACK 4 4 4,5.0E-7
gapwxc-gth/AlP/v05,800,60,150,770,MONKHORST-PACK 4 4 4,5.0E-7
gapwxc-gth/AlP/v06,800,60,150,770,MONKHORST-PACK 4 4 4,5.0E-7
gapwxc-gth/AlP/v07,800,60,150,770,MONKHORST-PACK 4 4 4,5.0E-7
gapwxc-gth/AlP/v08,800,60,150,770,MONKHORST-PACK 4 4 4,5.0E-6
gapwxc-gth/AlP/v09,800,60,150,770,MONKHORST-PACK 4 4 4,5.0E-6
gapwxc-gth/BN/v01,800,60,150,770,MONKHORST-PACK 7 7 7,5e-6
gapwxc-gth/BN/v02,800,60,150,770,MONKHORST-PACK 6 6 6,5e-6
gapwxc-gth/BN/v03,800,60,150,770,MONKHORST-PACK 6 6 6,5e-6
gapwxc-gth/BN/v04,800,60,150,770,MONKHORST-PACK 6 6 6,5e-6
gapwxc-gth/BN/v05,800,60,150,770,MONKHORST-PACK 6 6 6,5e-6
gapwxc-gth/BN/v06,800,60,150,770,MONKHORST-PACK 6 6 6,5e-6
gapwxc-gth/BN/v07,800,60,150,770,MONKHORST-PACK 6 6 6,5e-6
gapwxc-gth/BN/v08,800,60,150,770,MONKHORST-PACK 6 6 6,5e-6
gapwxc-gth/BN/v09,800,60,150,770,MONKHORST-PACK 6 6 6,5e-6
gapwxc-gth/BN/v10,800,60,150,770,MONKHORST-PACK 6 6 6,5e-6
gapwxc-gth/BP/v01,800,60,150,770,MONKHORST-PACK 5 5 5,5e-6
gapwxc-gth/BP/v02,800,60,150,770,MONKHORST-PACK 5 5 5,5e-6
gapwxc-gth/BP/v03,800,60,150,770,MONKHORST-PACK 5 5 5,5e-6
gapwxc-gth/BP/v04,800,60,150,770,MONKHORST-PACK 5 5 5,5e-6
gapwxc-gth/BP/v05,800,60,150,770,MONKHORST-PACK 5 5 5,5e-6
gapwxc-gth/BP/v06,800,60,150,770,MONKHORST-PACK 5 5 5,5e-6
gapwxc-gth/BP/v07,800,60,150,770,MONKHORST-PACK 5 5 5,5e-6
gapwxc-gth/BP/v08,800,60,150,770,MONKHORST-PACK 5 5 5,5e-6
gapwxc-gth/BP/v09,800,60,150,770,MONKHORST-PACK 5 5 5,5e-6
gapwxc-gth/BP/v10,800,60,150,770,MONKHORST-PACK 5 5 5,5e-6
gapwxc-gth/C/v01,800,60,150,770,MONKHORST-PACK 7 7 7,5e-6
gapwxc-gth/C/v02,800,60,150,770,MONKHORST-PACK 7 7 7,5e-6
gapwxc-gth/C/v03,800,60,150,770,MONKHORST-PACK 7 7 7,5e-6
gapwxc-gth/C/v04,800,60,150,770,MONKHORST-PACK 6 6 6,5e-6
gapwxc-gth/C/v05,800,60,150,770,MONKHORST-PACK 6 6 6,5e-6
gapwxc-gth/C/v06,800,60,150,770,MONKHORST-PACK 6 6 6,5e-6
gapwxc-gth/C/v07,800,60,150,770,MONKHORST-PACK 6 6 6,5e-6
gapwxc-gth/C/v08,800,60,150,770,MONKHORST-PACK 6 6 6,5e-6
gapwxc-gth/C/v09,800,60,150,770,MONKHORST-PACK 6 6 6,5e-6
gapwxc-gth/C/v10,800,60,150,770,MONKHORST-PACK 6 6 6,5e-6
gapwxc-gth/LiCl/v01,800,60,150,770,MONKHORST-PACK 5 5 5,5e-6
gapwxc-gth/LiCl/v02,800,60,150,770,MONKHORST-PACK 5 5 5,5e-6
gapwxc-gth/LiCl/v03,800,60,150,770,MONKHORST-PACK 5 5 5,5e-6
gapwxc-gth/LiCl/v04,800,60,150,770,MONKHORST-PACK 5 5 5,5e-6
gapwxc-gth/LiCl/v05,800,60,150,770,MONKHORST-PACK 5 5 5,5e-6
gapwxc-gth/LiCl/v06,800,60,150,770,MONKHORST-PACK 5 5 5,5e-6
gapwxc-gth/LiCl/v07,800,60,150,770,MONKHORST-PACK 5 5 5,5e-6
gapwxc-gth/LiCl/v08,800,60,150,770,MONKHORST-PACK 5 5 5,5e-6
gapwxc-gth/LiCl/v09,800,60,150,770,MONKHORST-PACK 5 5 5,5e-6
gapwxc-gth/LiCl/v10,800,60,150,770,MONKHORST-PACK 5 5 5,5e-6
gapwxc-gth/MgO/v01,800,60,150,770,MONKHORST-PACK 6 6 6,5e-6
gapwxc-gth/MgO/v02,800,60,150,770,MONKHORST-PACK 6 6 6,5e-6
gapwxc-gth/MgO/v03,800,60,150,770,MONKHORST-PACK 6 6 6,5e-6
gapwxc-gth/MgO/v04,800,60,150,770,MONKHORST-PACK 6 6 6,5e-6
gapwxc-gth/MgO/v05,800,60,150,770,MONKHORST-PACK 6 6 6,5e-6
gapwxc-gth/MgO/v06,800,60,150,770,MONKHORST-PACK 5 5 5,5e-6
gapwxc-gth/MgO/v07,800,60,150,770,MONKHORST-PACK 5 5 5,5e-6
gapwxc-gth/MgO/v08,800,60,150,770,MONKHORST-PACK 5 5 5,5e-6
gapwxc-gth/MgO/v09,800,60,150,770,MONKHORST-PACK 5 5 5,5e-6
gapwxc-gth/MgO/v10,800,60,150,770,MONKHORST-PACK 5 5 5,5e-6
gapwxc-gth/MgS/v01,800,60,150,770,MONKHORST-PACK 5 5 5,5e-6
gapwxc-gth/MgS/v02,800,60,150,770,MONKHORST-PACK 5 5 5,5e-6
gapwxc-gth/MgS/v03,800,60,150,770,MONKHORST-PACK 5 5 5,5e-6
gapwxc-gth/MgS/v04,800,60,150,770,MONKHORST-PACK 5 5 5,5e-6
gapwxc-gth/MgS/v05,800,60,150,770,MONKHORST-PACK 5 5 5,5e-6
gapwxc-gth/MgS/v06,800,60,150,770,MONKHORST-PACK 5 5 5,5e-6
gapwxc-gth/MgS/v07,800,60,150,770,MONKHORST-PACK 4 4 4,5e-6
gapwxc-gth/MgS/v08,800,60,150,770,MONKHORST-PACK 4 4 4,5e-6
gapwxc-gth/MgS/v09,800,60,150,770,MONKHORST-PACK 4 4 4,5e-6
gapwxc-gth/MgS/v10,800,60,150,770,MONKHORST-PACK 4 4 4,5e-6
gapwxc-gth/Si/v01,800,60,150,770,MONKHORST-PACK 5 5 5,5e-6
gapwxc-gth/Si/v02,800,60,150,770,MONKHORST-PACK 4 4 4,5e-6
gapwxc-gth/Si/v03,800,60,150,770,MONKHORST-PACK 4 4 4,5e-6
gapwxc-gth/Si/v04,800,60,150,770,MONKHORST-PACK 4 4 4,5e-6
gapwxc-gth/Si/v05,800,60,150,770,MONKHORST-PACK 4 4 4,5e-6
gapwxc-gth/Si/v06,800,60,150,770,MONKHORST-PACK 4 4 4,5e-6
gapwxc-gth/Si/v07,800,60,150,770,MONKHORST-PACK 4 4 4,5e-6
gapwxc-gth/Si/v08,800,60,150,770,MONKHORST-PACK 4 4 4,5e-6
gapwxc-gth/Si/v09,800,60,150,770,MONKHORST-PACK 4 4 4,5.0E-7
gapwxc-gth/Si/v10,800,60,150,770,MONKHORST-PACK 4 4 4,5e-6
gapwxc-gth/SiC/v01,800,60,150,770,MONKHORST-PACK 5 5 5,5.0E-7
gapwxc-gth/SiC/v02,800,60,150,770,MONKHORST-PACK 5 5 5,5.0E-7
gapwxc-gth/SiC/v03,800,60,150,770,MONKHORST-PACK 5 5 5,5.0E-7
gapwxc-gth/SiC/v04,800,60,150,770,MONKHORST-PACK 5 5 5,5.0E-7
gapwxc-gth/SiC/v05,800,60,150,770,MONKHORST-PACK 5 5 5,5.0E-7
gapwxc-gth/SiC/v06,800,60,150,770,MONKHORST-PACK 5 5 5,5.0E-7
gapwxc-gth/SiC/v07,800,60,150,770,MONKHORST-PACK 5 5 5,5.0E-7
gapwxc-gth/SiC/v08,800,60,150,770,MONKHORST-PACK 5 5 5,5.0E-7
gapwxc-gth/SiC/v09,800,60,150,770,MONKHORST-PACK 5 5 5,5.0E-7
gapwxc-gth/SiC/v10,800,60,150,770,MONKHORST-PACK 5 5 5,5.0E-7
hybrid-direct/AlN/v01,800,60,150,770,MONKHORST-PACK 5 5 5,5.0E-7
hybrid-direct/AlN/v02,800,60,150,770,MONKHORST-PACK 5 5 5,5.0E-7
hybrid-direct/AlN/v03,800,60,150,770,MONKHORST-PACK 5 5 5,5.0E-7
hybrid-direct/AlN/v04,800,60,150,770,MONKHORST-PACK 5 5 5,5.0E-7
hybrid-direct/AlN/v05,800,60,150,770,MONKHORST-PACK 5 5 5,5.0E-7
hybrid-direct/AlN/v06,800,60,150,770,MONKHORST-PACK 5 5 5,5.0E-7
hybrid-direct/AlN/v07,800,60,150,770,MONKHORST-PACK 5 5 5,5.0E-7
hybrid-direct/AlN/v08,800,60,150,770,MONKHORST-PACK 5 5 5,5.0E-7
hybrid-direct/AlN/v09,800,60,150,770,MONKHORST-PACK 5 5 5,5.0E-7
hybrid-direct/AlP/v01,800,60,150,770,MONKHORST-PACK 4 4 4,5.0E-6
hybrid-direct/AlP/v02,800,60,150,770,MONKHORST-PACK 4 4 4,5.0E-7
hybrid-direct/AlP/v03,800,60,150,770,MONKHORST-PACK 4 4 4,5.0E-6
hybrid-direct/AlP/v04,800,60,150,770,MONKHORST-PACK 4 4 4,5.0E-7
hybrid-direct/AlP/v05,800,60,150,770,MONKHORST-PACK 4 4 4,5.0E-7
hybrid-direct/AlP/v06,800,60,150,770,MONKHORST-PACK 4 4 4,5.0E-7
hybrid-direct/AlP/v07,800,60,150,770,MONKHORST-PACK 4 4 4,5.0E-7
hybrid-direct/AlP/v08,800,60,150,770,MONKHORST-PACK 4 4 4,5.0E-7
hybrid-direct/AlP/v09,800,60,150,770,MONKHORST-PACK 4 4 4,5.0E-7
hybrid-direct/BP/v01,800,60,150,770,MONKHORST-PACK 5 5 5,5e-6
hybrid-direct/BP/v02,800,60,150,770,MONKHORST-PACK 5 5 5,5e-6
hybrid-direct/BP/v03,800,60,150,770,MONKHORST-PACK 5 5 5,5e-6
hybrid-direct/BP/v04,800,60,150,770,MONKHORST-PACK 5 5 5,5e-6
hybrid-direct/BP/v05,800,60,150,770,MONKHORST-PACK 5 5 5,5e-6
hybrid-direct/BP/v06,800,60,150,770,MONKHORST-PACK 5 5 5,5e-6
hybrid-direct/BP/v07,800,60,150,770,MONKHORST-PACK 5 5 5,5e-6
hybrid-direct/BP/v08,800,60,150,770,MONKHORST-PACK 5 5 5,5e-6
hybrid-direct/BP/v09,800,60,150,770,MONKHORST-PACK 5 5 5,5e-6
hybrid-direct/BP/v10,800,60,150,770,MONKHORST-PACK 5 5 5,5e-6
hybrid-direct/LiCl/v01,800,60,150,770,MONKHORST-PACK 5 5 5,5e-6
hybrid-direct/LiCl/v02,800,60,150,770,MONKHORST-PACK 5 5 5,5e-6
hybrid-direct/LiCl/v03,800,60,150,770,MONKHORST-PACK 5 5 5,5e-6
hybrid-direct/LiCl/v04,800,60,150,770,MONKHORST-PACK 5 5 5,5e-6
hybrid-direct/LiCl/v05,800,60,150,770,MONKHORST-PACK 5 5 5,5e-6
hybrid-direct/LiCl/v06,800,60,150,770,MONKHORST-PACK 5 5 5,5e-6
hybrid-direct/LiCl/v07,800,60,150,770,MONKHORST-PACK 5 5 5,5e-6
hybrid-direct/LiCl/v08,800,60,150,770,MONKHORST-PACK 5 5 5,5e-6
hybrid-direct/LiCl/v09,800,60,150,770,MONKHORST-PACK 5 5 5,5e-6
hybrid-direct/LiCl/v10,800,60,150,770,MONKHORST-PACK 5 5 5,5e-6
hybrid-direct/MgO/v01,800,60,150,770,MONKHORST-PACK 6 6 6,5e-6
hybrid-direct/MgO/v02,800,60,150,770,MONKHORST-PACK 6 6 6,5e-6
hybrid-direct/MgO/v03,800,60,150,770,MONKHORST-PACK 6 6 6,5e-6
hybrid-direct/MgO/v04,800,60,150,770,MONKHORST-PACK 6 6 6,5e-6
hybrid-direct/MgO/v05,800,60,150,770,MONKHORST-PACK 6 6 6,5e-6
hybrid-direct/MgO/v06,800,60,150,770,MONKHORST-PACK 5 5 5,5e-6
hybrid-direct/MgO/v07,800,60,150,770,MONKHORST-PACK 5 5 5,5e-6
hybrid-direct/MgO/v08,800,60,150,770,MONKHORST-PACK 5 5 5,5e-6
hybrid-direct/MgO/v09,800,60,150,770,MONKHORST-PACK 5 5 5,5e-6
hybrid-direct/MgO/v10,800,60,150,770,MONKHORST-PACK 5 5 5,5e-6
hybrid-direct/MgS/v01,800,60,150,770,MONKHORST-PACK 5 5 5,5e-6
hybrid-direct/MgS/v02,800,60,150,770,MONKHORST-PACK 5 5 5,5e-6
hybrid-direct/MgS/v03,800,60,150,770,MONKHORST-PACK 5 5 5,5e-6
hybrid-direct/MgS/v04,800,60,150,770,MONKHORST-PACK 5 5 5,5e-6
hybrid-direct/MgS/v05,800,60,150,770,MONKHORST-PACK 5 5 5,5e-6
hybrid-direct/MgS/v06,800,60,150,770,MONKHORST-PACK 5 5 5,5e-6
hybrid-direct/MgS/v07,800,60,150,770,MONKHORST-PACK 4 4 4,5e-6
hybrid-direct/MgS/v08,800,60,150,770,MONKHORST-PACK 4 4 4,5e-6
hybrid-direct/MgS/v09,800,60,150,770,MONKHORST-PACK 4 4 4,5e-6
hybrid-direct/MgS/v10,800,60,150,770,MONKHORST-PACK 4 4 4,5e-6
hybrid-direct/Si/v01,800,60,150,770,MONKHORST-PACK 5 5 5,5e-6
hybrid-direct/Si/v02,800,60,150,770,MONKHORST-PACK 4 4 4,5e-6
hybrid-direct/Si/v03,800,60,150,770,MONKHORST-PACK 4 4 4,5e-6
hybrid-direct/Si/v04,800,60,150,770,MONKHORST-PACK 4 4 4,5e-6
hybrid-direct/Si/v05,800,60,150,770,MONKHORST-PACK 4 4 4,5e-6
hybrid-direct/Si/v06,800,60,150,770,MONKHORST-PACK 4 4 4,5e-6
hybrid-direct/Si/v07,800,60,150,770,MONKHORST-PACK 4 4 4,5e-6
hybrid-direct/Si/v08,800,60,150,770,MONKHORST-PACK 4 4 4,5e-6
hybrid-direct/Si/v09,800,60,150,770,MONKHORST-PACK 4 4 4,5e-6
hybrid-direct/Si/v10,800,60,150,770,MONKHORST-PACK 4 4 4,5e-6
hybrid-direct/SiC/v01,800,60,150,770,MONKHORST-PACK 5 5 5,5.0E-7
hybrid-direct/SiC/v02,800,60,150,770,MONKHORST-PACK 5 5 5,5.0E-7
hybrid-direct/SiC/v03,800,60,150,770,MONKHORST-PACK 5 5 5,5.0E-7
hybrid-direct/SiC/v04,800,60,150,770,MONKHORST-PACK 5 5 5,5.0E-7
hybrid-direct/SiC/v05,800,60,150,770,MONKHORST-PACK 5 5 5,5.0E-7
hybrid-direct/SiC/v06,800,60,150,770,MONKHORST-PACK 5 5 5,5.0E-7
hybrid-direct/SiC/v07,800,60,150,770,MONKHORST-PACK 5 5 5,5.0E-7
hybrid-direct/SiC/v08,800,60,150,770,MONKHORST-PACK 5 5 5,5.0E-7
hybrid-direct/SiC/v09,800,60,150,770,MONKHORST-PACK 5 5 5,5.0E-7
hybrid-direct/SiC/v10,800,60,150,770,MONKHORST-PACK 5 5 5,5.0E-7
hybrid-one-center/AlN/v01,800,60,150,770,MONKHORST-PACK 5 5 5,5.0E-7
hybrid-one-center/AlN/v02,800,60,150,770,MONKHORST-PACK 5 5 5,5.0E-7
hybrid-one-center/AlN/v03,800,60,150,770,MONKHORST-PACK 5 5 5,5.0E-7
hybrid-one-center/AlN/v04,800,60,150,770,MONKHORST-PACK 5 5 5,5.0E-7
hybrid-one-center/AlN/v05,800,60,150,770,MONKHORST-PACK 5 5 5,5.0E-7
hybrid-one-center/AlN/v06,800,60,150,770,MONKHORST-PACK 5 5 5,5.0E-7
hybrid-one-center/AlN/v07,800,60,150,770,MONKHORST-PACK 5 5 5,5.0E-7
hybrid-one-center/AlN/v08,800,60,150,770,MONKHORST-PACK 5 5 5,5.0E-7
hybrid-one-center/AlN/v09,800,60,150,770,MONKHORST-PACK 5 5 5,5.0E-7
hybrid-one-center/AlP/v01,800,60,150,770,MONKHORST-PACK 4 4 4,5.0E-7
hybrid-one-center/AlP/v02,800,60,150,770,MONKHORST-PACK 4 4 4,5.0E-7
hybrid-one-center/AlP/v03,800,60,150,770,MONKHORST-PACK 4 4 4,5.0E-7
hybrid-one-center/AlP/v04,800,60,150,770,MONKHORST-PACK 4 4 4,5.0E-7
hybrid-one-center/AlP/v05,800,60,150,770,MONKHORST-PACK 4 4 4,5.0E-6
hybrid-one-center/AlP/v06,800,60,150,770,MONKHORST-PACK 4 4 4,5.0E-7
hybrid-one-center/AlP/v07,800,60,150,770,MONKHORST-PACK 4 4 4,5.0E-7
hybrid-one-center/AlP/v08,800,60,150,770,MONKHORST-PACK 4 4 4,5.0E-7
hybrid-one-center/AlP/v09,800,60,150,770,MONKHORST-PACK 4 4 4,5.0E-7
hybrid-one-center/BP/v01,800,60,150,770,MONKHORST-PACK 5 5 5,5e-6
hybrid-one-center/BP/v02,800,60,150,770,MONKHORST-PACK 5 5 5,5e-6
hybrid-one-center/BP/v03,800,60,150,770,MONKHORST-PACK 5 5 5,5e-6
hybrid-one-center/BP/v04,800,60,150,770,MONKHORST-PACK 5 5 5,5e-6
hybrid-one-center/BP/v05,800,60,150,770,MONKHORST-PACK 5 5 5,5e-6
hybrid-one-center/BP/v06,800,60,150,770,MONKHORST-PACK 5 5 5,5e-6
hybrid-one-center/BP/v07,800,60,150,770,MONKHORST-PACK 5 5 5,5e-6
hybrid-one-center/BP/v08,800,60,150,770,MONKHORST-PACK 5 5 5,5e-6
hybrid-one-center/BP/v09,800,60,150,770,MONKHORST-PACK 5 5 5,5e-6
hybrid-one-center/BP/v10,800,60,150,770,MONKHORST-PACK 5 5 5,5e-6
hybrid-one-center/LiCl/v01,800,60,150,770,MONKHORST-PACK 5 5 5,5e-6
hybrid-one-center/LiCl/v02,800,60,150,770,MONKHORST-PACK 5 5 5,5e-6
hybrid-one-center/LiCl/v03,800,60,150,770,MONKHORST-PACK 5 5 5,5e-6
hybrid-one-center/LiCl/v04,800,60,150,770,MONKHORST-PACK 5 5 5,5e-6
hybrid-one-center/LiCl/v05,800,60,150,770,MONKHORST-PACK 5 5 5,5e-6
hybrid-one-center/LiCl/v06,800,60,150,770,MONKHORST-PACK 5 5 5,5e-6
hybrid-one-center/LiCl/v07,800,60,150,770,MONKHORST-PACK 5 5 5,5e-6
hybrid-one-center/LiCl/v08,800,60,150,770,MONKHORST-PACK 5 5 5,5e-6
hybrid-one-center/LiCl/v09,800,60,150,770,MONKHORST-PACK 5 5 5,5e-6
hybrid-one-center/LiCl/v10,800,60,150,770,MONKHORST-PACK 5 5 5,5e-6
hybrid-one-center/MgO/v01,800,60,150,770,MONKHORST-PACK 6 6 6,5e-6
hybrid-one-center/MgO/v02,800,60,150,770,MONKHORST-PACK 6 6 6,5e-6
hybrid-one-center/MgO/v03,800,60,150,770,MONKHORST-PACK 6 6 6,5e-6
hybrid-one-center/MgO/v04,800,60,150,770,MONKHORST-PACK 6 6 6,5e-6
hybrid-one-center/MgO/v05,800,60,150,770,MONKHORST-PACK 6 6 6,5e-6
hybrid-one-center/MgO/v06,800,60,150,770,MONKHORST-PACK 5 5 5,5e-6
hybrid-one-center/MgO/v07,800,60,150,770,MONKHORST-PACK 5 5 5,5e-6
hybrid-one-center/MgO/v08,800,60,150,770,MONKHORST-PACK 5 5 5,5e-6
hybrid-one-center/MgO/v09,800,60,150,770,MONKHORST-PACK 5 5 5,5e-6
hybrid-one-center/MgO/v10,800,60,150,770,MONKHORST-PACK 5 5 5,5e-6
hybrid-one-center/MgS/v01,800,60,150,770,MONKHORST-PACK 5 5 5,5e-6
hybrid-one-center/MgS/v02,800,60,150,770,MONKHORST-PACK 5 5 5,5e-6
hybrid-one-center/MgS/v03,800,60,150,770,MONKHORST-PACK 5 5 5,5e-6
hybrid-one-center/MgS/v04,800,60,150,770,MONKHORST-PACK 5 5 5,5e-6
hybrid-one-center/MgS/v05,800,60,150,770,MONKHORST-PACK 5 5 5,5e-6
hybrid-one-center/MgS/v06,800,60,150,770,MONKHORST-PACK 5 5 5,5e-6
hybrid-one-center/MgS/v07,800,60,150,770,MONKHORST-PACK 4 4 4,5e-6
hybrid-one-center/MgS/v08,800,60,150,770,MONKHORST-PACK 4 4 4,5e-6
hybrid-one-center/MgS/v09,800,60,150,770,MONKHORST-PACK 4 4 4,5e-6
hybrid-one-center/MgS/v10,800,60,150,770,MONKHORST-PACK 4 4 4,5e-6
hybrid-one-center/Si/v01,800,60,150,770,MONKHORST-PACK 5 5 5,5e-6
hybrid-one-center/Si/v02,800,60,150,770,MONKHORST-PACK 4 4 4,5e-6
hybrid-one-center/Si/v03,800,60,150,770,MONKHORST-PACK 4 4 4,5e-6
hybrid-one-center/Si/v04,800,60,150,770,MONKHORST-PACK 4 4 4,5e-6
hybrid-one-center/Si/v05,800,60,150,770,MONKHORST-PACK 4 4 4,5e-6
hybrid-one-center/Si/v06,800,60,150,770,MONKHORST-PACK 4 4 4,5e-6
hybrid-one-center/Si/v07,800,60,150,770,MONKHORST-PACK 4 4 4,5e-6
hybrid-one-center/Si/v08,800,60,150,770,MONKHORST-PACK 4 4 4,5e-6
hybrid-one-center/Si/v09,800,60,150,770,MONKHORST-PACK 4 4 4,5e-6
hybrid-one-center/Si/v10,800,60,150,770,MONKHORST-PACK 4 4 4,5e-6
hybrid-one-center/SiC/v01,800,60,150,770,MONKHORST-PACK 5 5 5,5.0E-7
hybrid-one-center/SiC/v02,800,60,150,770,MONKHORST-PACK 5 5 5,5.0E-7
hybrid-one-center/SiC/v03,800,60,150,770,MONKHORST-PACK 5 5 5,5.0E-7
hybrid-one-center/SiC/v04,800,60,150,770,MONKHORST-PACK 5 5 5,5.0E-7
hybrid-one-center/SiC/v05,800,60,150,770,MONKHORST-PACK 5 5 5,5.0E-7
hybrid-one-center/SiC/v06,800,60,150,770,MONKHORST-PACK 5 5 5,5.0E-7
hybrid-one-center/SiC/v07,800,60,150,770,MONKHORST-PACK 5 5 5,5.0E-7
hybrid-one-center/SiC/v08,800,60,150,770,MONKHORST-PACK 5 5 5,5.0E-7
hybrid-one-center/SiC/v09,800,60,150,770,MONKHORST-PACK 5 5 5,5.0E-7
hybrid-one-center/SiC/v10,800,60,150,770,MONKHORST-PACK 5 5 5,5.0E-7
