method,solid,point,volume_A3,energy_Ha,execution_accepted,solver,source_run
gapw-ae,AlN,v01,75.00503163107345,-1189.4741043899583,true,TD,/data/home2/kuehne88/cp2k-native-skala/goldzak12/runs/production/gapw-ae/AlN/v01
gapw-ae,AlN,v02,76.85700771765212,-1189.4791314058664,true,TD,/data/home2/kuehne88/cp2k-native-skala/goldzak12/runs/production/gapw-ae/AlN/v02
gapw-ae,AlN,v03,78.70898380298226,-1189.4814762143617,true,TD,/data/home2/kuehne88/cp2k-native-skala/goldzak12/runs/production/gapw-ae/AlN/v03
gapw-ae,AlN,v04,80.56095990105558,-1189.4815315934623,true,TD,/data/home2/kuehne88/cp2k-native-skala/goldzak12/runs/production/gapw-ae/AlN/v04
gapw-ae,AlN,v05,82.41293598707543,-1189.479436702727,true,TD,/home/kuehne88/work/native-skala-terok/goldzak12/runs/production/gapw-ae/AlN/v05
gapw-ae,AlN,v06,84.2649120752412,-1189.4754441619032,true,TD,/data/home2/kuehne88/cp2k-native-skala/goldzak12/runs/production/gapw-ae/AlN/v06
gapw-ae,AlN,v07,86.1168881648226,-1189.4697243125702,true,TD,/data/home2/kuehne88/cp2k-native-skala/goldzak12/runs/production/gapw-ae/AlN/v07
gapw-ae,AlN,v08,87.96886425939225,-1189.4625110650748,true,TD,/data/home2/kuehne88/cp2k-native-skala/goldzak12/runs/production/gapw-ae/AlN/v08
gapw-ae,AlN,v09,89.82084034497858,-1189.4539319767152,true,TD,/data/home2/kuehne88/cp2k-native-skala/goldzak12/runs/production/gapw-ae/AlN/v09
gapw-ae,AlN,v10,91.67281643438197,-1189.4441506139415,true,TD,/data/home2/kuehne88/cp2k-native-skala/goldzak12/runs/production/gapw-ae/AlN/v10
gapw-ae,AlP,v01,145.53042785018786,-2335.6519188241787,true,TD,/data/home2/kuehne88/cp2k-native-skala/goldzak12/runs/production/gapw-ae/AlP/v01
gapw-ae,AlP,v02,149.1237717491344,-2335.656974974475,true,TD,/data/home2/kuehne88/cp2k-native-skala/goldzak12/runs/production/gapw-ae/AlP/v02
gapw-ae,AlP,v03,152.71711563685136,-2335.6596832456803,true,TD,/data/home2/kuehne88/cp2k-native-skala/goldzak12/runs/production/gapw-ae/AlP/v03
gapw-ae,AlP,v04,156.31045955235265,-2335.660298832775,true,TD,/data/home2/kuehne88/cp2k-native-skala/goldzak12/runs/production/gapw-ae/AlP/v04
gapw-ae,AlP,v05,159.9038034471832,-2335.6590101563575,true,TD,/data/home2/kuehne88/cp2k-native-skala/goldzak12/runs/production/gapw-ae/AlP/v05
gapw-ae,AlP,v06,163.49714734171835,-2335.656023694693,true,TD,/data/home2/kuehne88/cp2k-native-skala/goldzak12/runs/production/gapw-ae/AlP/v06
gapw-ae,AlP,v07,167.09049123228903,-2335.6515121433536,true,TD,/data/home2/kuehne88/cp2k-native-skala/goldzak12/runs/production/gapw-ae/AlP/v07
gapw-ae,AlP,v08,170.68383514384985,-2335.6457247784824,true,TD,/data/home2/kuehne88/cp2k-native-skala/goldzak12/runs/production/gapw-ae/AlP/v08
gapw-ae,AlP,v09,174.2771790339886,-2335.63883933262,true,TD,/data/home2/kuehne88/cp2k-native-skala/goldzak12/runs/production/gapw-ae/AlP/v09
gapw-ae,AlP,v10,177.87052293060339,-2335.6309254786147,true,TD,/data/home2/kuehne88/cp2k-native-skala/goldzak12/runs/production/gapw-ae/AlP/v10
gapw-ae,BN,v01,41.74593197173221,-318.9670050888221,true,TD,/data/home2/kuehne88/cp2k-native-skala/goldzak12/runs/production/gapw-ae/BN/v01
gapw-ae,BN,v02,42.77669572311872,-318.9751516747132,true,TD,/data/home2/kuehne88/cp2k-native-skala/goldzak12/runs/production/gapw-ae/BN/v02
gapw-ae,BN,v03,43.80745947380735,-318.9803717606136,true,TD,/data/home2/kuehne88/cp2k-native-skala/goldzak12/runs/production/gapw-ae/BN/v03
gapw-ae,BN,v04,44.8382232300437,-318.98288910244503,true,TD,/data/home2/kuehne88/cp2k-native-skala/goldzak12/runs/production/gapw-ae/BN/v04
gapw-ae,BN,v05,45.86898698129183,-318.9830666366609,true,TD,/data/home2/kuehne88/cp2k-native-skala/goldzak12/runs/production/gapw-ae/BN/v05
gapw-ae,BN,v06,46.89975073253566,-318.9810197298406,true,TD,/data/home2/kuehne88/cp2k-native-skala/goldzak12/runs/production/gapw-ae/BN/v06
gapw-ae,BN,v07,47.93051448435792,-318.9769317215574,true,TD,/data/home2/kuehne88/cp2k-native-skala/goldzak12/runs/production/gapw-ae/BN/v07
gapw-ae,BN,v08,48.96127824040329,-318.97135060791,true,TD,/data/home2/kuehne88/cp2k-native-skala/goldzak12/runs/production/gapw-ae/BN/v08
gapw-ae,BN,v09,49.99204199108084,-318.9640750598184,true,TD,/data/home2/kuehne88/cp2k-native-skala/goldzak12/runs/production/gapw-ae/BN/v09
gapw-ae,BN,v10,51.02280574126682,-318.9553965053821,true,TD,/data/home2/kuehne88/cp2k-native-skala/goldzak12/runs/production/gapw-ae/BN/v10
gapw-ae,BP,v01,83.38698281018239,-1465.185927413325,true,TD,/data/home2/kuehne88/cp2k-native-skala/goldzak12/runs/production/gapw-ae/BP/v01
gapw-ae,BP,v02,85.44592065551984,-1465.191323045321,true,TD,/data/home2/kuehne88/cp2k-native-skala/goldzak12/runs/production/gapw-ae/BP/v02
gapw-ae,BP,v03,87.50485850204554,-1465.1942797496881,true,TD,/data/home2/kuehne88/cp2k-native-skala/goldzak12/runs/production/gapw-ae/BP/v03
gapw-ae,BP,v04,89.56379635645072,-1465.1950592465896,true,TD,/data/home2/kuehne88/cp2k-native-skala/goldzak12/runs/production/gapw-ae/BP/v04
gapw-ae,BP,v05,91.62273420186044,-1465.1938425655155,true,TD,/data/home2/kuehne88/cp2k-native-skala/goldzak12/runs/production/gapw-ae/BP/v05
gapw-ae,BP,v06,93.68167205048216,-1465.190833132624,true,TD,/data/home2/kuehne88/cp2k-native-skala/goldzak12/runs/production/gapw-ae/BP/v06
gapw-ae,BP,v07,95.74060989532009,-1465.1862592474658,true,TD,/data/home2/kuehne88/cp2k-native-skala/goldzak12/runs/production/gapw-ae/BP/v07
gapw-ae,BP,v08,97.79954774400584,-1465.1802558115658,true,TD,/data/home2/kuehne88/cp2k-native-skala/goldzak12/runs/production/gapw-ae/BP/v08
gapw-ae,BP,v09,99.85848559039852,-1465.1729844190436,true,TD,/data/home2/kuehne88/cp2k-native-skala/goldzak12/runs/production/gapw-ae/BP/v09
gapw-ae,BP,v10,101.91742343487768,-1465.164530228243,true,TD,/data/home2/kuehne88/cp2k-native-skala/goldzak12/runs/production/gapw-ae/BP/v10
gapw-ae,C,v01,40.367154039165754,-304.9452271395464,true,TD,/data/home2/kuehne88/cp2k-native-skala/goldzak12/runs/production/gapw-ae/C/v01
gapw-ae,C,v02,41.36387389064689,-304.9545992920859,true,TD,/data/home2/kuehne88/cp2k-native-skala/goldzak12/runs/production/gapw-ae/C/v02
gapw-ae,C,v03,42.36059374320373,-304.96065139410723,true,TD,/data/home2/kuehne88/cp2k-native-skala/goldzak12/runs/production/gapw-ae/C/v03
gapw-ae,C,v04,43.357313597536994,-304.96367007476874,true,TD,/data/home2/kuehne88/cp2k-native-skala/goldzak12/runs/production/gapw-ae/C/v04
gapw-ae,C,v05,44.354033452663856,-304.9639509040011,true,TD,/home/kuehne88/work/native-skala-terok/goldzak12/runs/production/gapw-ae/C/v05
gapw-ae,C,v06,45.35075330328489,-304.96175137858455,true,TD,/data/home2/kuehne88/cp2k-native-skala/goldzak12/runs/production/gapw-ae/C/v06
gapw-ae,C,v07,46.34747315654261,-304.95738246033625,true,TD,/data/home2/kuehne88/cp2k-native-skala/goldzak12/runs/production/gapw-ae/C/v07
gapw-ae,C,v08,47.34419301258273,-304.951055948828,true,TD,/data/home2/kuehne88/cp2k-native-skala/goldzak12/runs/production/gapw-ae/C/v08
gapw-ae,C,v09,48.34091286422016,-304.942978951598,true,TD,/data/home2/kuehne88/cp2k-native-skala/goldzak12/runs/production/gapw-ae/C/v09
gapw-ae,C,v10,49.33763271403523,-304.93326278832706,true,TD,/data/home2/kuehne88/cp2k-native-skala/goldzak12/runs/production/gapw-ae/C/v10
gapw-ae,LiCl,v01,117.43031992177887,-1871.6025530884156,true,TD,/data/home2/kuehne88/cp2k-native-skala/goldzak12/runs/production/gapw-ae/LiCl/v01
gapw-ae,LiCl,v02,120.32983398965362,-1871.6025330608202,true,TD,/data/home2/kuehne88/cp2k-native-skala/goldzak12/runs/production/gapw-ae/LiCl/v02
gapw-ae,LiCl,v03,123.22934806220317,-1871.601805051847,true,TD,/data/home2/kuehne88/cp2k-native-skala/goldzak12/runs/production/gapw-ae/LiCl/v03
gapw-ae,LiCl,v04,126.1288621427114,-1871.6004467138694,true,TD,/data/home2/kuehne88/cp2k-native-skala/goldzak12/runs/production/gapw-ae/LiCl/v04
gapw-ae,LiCl,v05,129.02837621393283,-1871.5985247907452,true,TD,/data/home2/kuehne88/cp2k-native-skala/goldzak12/runs/production/gapw-ae/LiCl/v05
gapw-ae,LiCl,v06,131.92789028070857,-1871.596138023136,true,TD,/data/home2/kuehne88/cp2k-native-skala/goldzak12/runs/production/gapw-ae/LiCl/v06
gapw-ae,LiCl,v07,134.8274043511387,-1871.5933221713449,true,TD,/data/home2/kuehne88/cp2k-native-skala/goldzak12/runs/production/gapw-ae/LiCl/v07
gapw-ae,LiCl,v08,137.72691843595342,-1871.5900953532787,true,TD,/data/home2/kuehne88/cp2k-native-skala/goldzak12/runs/production/gapw-ae/LiCl/v08
gapw-ae,LiCl,v09,140.626432502413,-1871.5865405444595,true,TD,/data/home2/kuehne88/cp2k-native-skala/goldzak12/runs/production/gapw-ae/LiCl/v09
gapw-ae,LiCl,v10,143.52594657323633,-1871.5826908650633,true,TD,/data/home2/kuehne88/cp2k-native-skala/goldzak12/runs/production/gapw-ae/LiCl/v10
gapw-ae,MgO,v01,66.15666294146288,-1102.0357648371476,true,TD,/data/home2/kuehne88/cp2k-native-skala/goldzak12/runs/production/gapw-ae/MgO/v01
gapw-ae,MgO,v02,67.790160792043,-1102.0376534876318,true,TD,/data/home2/kuehne88/cp2k-native-skala/goldzak12/runs/production/gapw-ae/MgO/v02
gapw-ae,MgO,v03,69.42365864105008,-1102.0376458168075,true,TD,/data/home2/kuehne88/cp2k-native-skala/goldzak12/runs/production/gapw-ae/MgO/v03
gapw-ae,MgO,v04,71.05715649587141,-1102.0359529627613,true,TD,/data/home2/kuehne88/cp2k-native-skala/goldzak12/runs/production/gapw-ae/MgO/v04
gapw-ae,MgO,v05,72.69065434621153,-1102.032807627142,true,TD,/home/kuehne88/work/native-skala-terok/goldzak12/runs/production/gapw-ae/MgO/v05
gapw-ae,MgO,v06,74.32415219225344,-1102.028338243061,true,TD,/data/home2/kuehne88/cp2k-native-skala/goldzak12/runs/production/gapw-ae/MgO/v06
gapw-ae,MgO,v07,75.95765004223557,-1102.022717940143,true,TD,/data/home2/kuehne88/cp2k-native-skala/goldzak12/runs/production/gapw-ae/MgO/v07
gapw-ae,MgO,v08,77.59114790024783,-1102.0160574000747,true,TD,/data/home2/kuehne88/cp2k-native-skala/goldzak12/runs/production/gapw-ae/MgO/v08
gapw-ae,MgO,v09,79.22464574434817,-1102.0084738793182,true,TD,/data/home2/kuehne88/cp2k-native-skala/goldzak12/runs/production/gapw-ae/MgO/v09
gapw-ae,MgO,v10,80.85814359327905,-1102.000095908786,true,TD,/data/home2/kuehne88/cp2k-native-skala/goldzak12/runs/production/gapw-ae/MgO/v10
gapw-ae,MgS,v01,125.67312420224033,-2393.8529978397446,true,TD,/data/home2/kuehne88/cp2k-native-skala/goldzak12/runs/production/gapw-ae/MgS/v01
gapw-ae,MgS,v02,128.77616430225493,-2393.8539568655947,true,TD,/data/home2/kuehne88/cp2k-native-skala/goldzak12/runs/production/gapw-ae/MgS/v02
gapw-ae,MgS,v03,131.87920440479158,-2393.8533469740414,true,TD,/data/home2/kuehne88/cp2k-native-skala/goldzak12/runs/production/gapw-ae/MgS/v03
gapw-ae,MgS,v04,134.98224452106618,-2393.8513427231137,true,TD,/data/home2/kuehne88/cp2k-native-skala/goldzak12/runs/production/gapw-ae/MgS/v04
gapw-ae,MgS,v05,138.08528461789123,-2393.848086458619,true,TD,/data/home2/kuehne88/cp2k-native-skala/goldzak12/runs/production/gapw-ae/MgS/v05
gapw-ae,MgS,v06,141.18832472371278,-2393.843720694156,true,TD,/data/home2/kuehne88/cp2k-native-skala/goldzak12/runs/production/gapw-ae/MgS/v06
gapw-ae,MgS,v07,144.29136482635246,-2393.8383427210133,true,TD,/data/home2/kuehne88/cp2k-native-skala/goldzak12/runs/production/gapw-ae/MgS/v07
gapw-ae,MgS,v08,147.39440493749228,-2393.832091543158,true,TD,/data/home2/kuehne88/cp2k-native-skala/goldzak12/runs/production/gapw-ae/MgS/v08
gapw-ae,MgS,v09,150.4974450409358,-2393.8250298272005,true,TD,/data/home2/kuehne88/cp2k-native-skala/goldzak12/runs/production/gapw-ae/MgS/v09
gapw-ae,MgS,v10,153.60048514026408,-2393.8172462685466,true,TD,/data/home2/kuehne88/cp2k-native-skala/goldzak12/runs/production/gapw-ae/MgS/v10
gapw-ae,Si,v01,143.37741011102767,-2316.207661566901,true,TD,/data/home2/kuehne88/cp2k-native-skala/goldzak12/runs/production/gapw-ae/Si/v01
gapw-ae,Si,v02,146.9175930746465,-2316.2137636523503,true,TD,/data/home2/kuehne88/cp2k-native-skala/goldzak12/runs/production/gapw-ae/Si/v02
gapw-ae,Si,v03,150.45777603766595,-2316.21776444563,true,TD,/data/home2/kuehne88/cp2k-native-skala/goldzak12/runs/production/gapw-ae/Si/v03
gapw-ae,Si,v04,153.997959021753,-2316.219526720633,true,TD,/data/home2/kuehne88/cp2k-native-skala/goldzak12/runs/production/gapw-ae/Si/v04
gapw-ae,Si,v05,157.5381419755961,-2316.219302437134,true,TD,/data/home2/kuehne88/cp2k-native-skala/goldzak12/runs/production/gapw-ae/Si/v05
gapw-ae,Si,v06,161.07832494472655,-2316.2172831692915,true,TD,/data/home2/kuehne88/cp2k-native-skala/goldzak12/runs/production/gapw-ae/Si/v06
gapw-ae,Si,v07,164.618507908696,-2316.213665200371,true,TD,/data/home2/kuehne88/cp2k-native-skala/goldzak12/runs/production/gapw-ae/Si/v07
gapw-ae,Si,v08,168.15869087863868,-2316.2087192910876,true,TD,/data/home2/kuehne88/cp2k-native-skala/goldzak12/runs/production/gapw-ae/Si/v08
gapw-ae,Si,v09,171.69887384698006,-2316.2027031313264,true,TD,/data/home2/kuehne88/cp2k-native-skala/goldzak12/runs/production/gapw-ae/Si/v09
gapw-ae,Si,v10,175.23905680813652,-2316.195868326598,true,TD,/data/home2/kuehne88/cp2k-native-skala/goldzak12/runs/production/gapw-ae/Si/v10
gapw-ae,SiC,v01,73.92842093172135,-1310.7087612608461,true,TD,/data/home2/kuehne88/cp2k-native-skala/goldzak12/runs/production/gapw-ae/SiC/v01
gapw-ae,SiC,v02,75.7538140375553,-1310.7149399682505,true,TD,/data/home2/kuehne88/cp2k-native-skala/goldzak12/runs/production/gapw-ae/SiC/v02
gapw-ae,SiC,v03,77.57920714502656,-1310.718295410578,true,TD,/data/home2/kuehne88/cp2k-native-skala/goldzak12/runs/production/gapw-ae/SiC/v03
gapw-ae,SiC,v04,79.40460026062732,-1310.7190450759183,true,TD,/data/home2/kuehne88/cp2k-native-skala/goldzak12/runs/production/gapw-ae/SiC/v04
gapw-ae,SiC,v05,81.22999337182931,-1310.7174849550224,true,TD,/data/home2/kuehne88/cp2k-native-skala/goldzak12/runs/production/gapw-ae/SiC/v05
gapw-ae,SiC,v06,83.05538647484569,-1310.7139084206285,true,TD,/data/home2/kuehne88/cp2k-native-skala/goldzak12/runs/production/gapw-ae/SiC/v06
gapw-ae,SiC,v07,84.8807795861302,-1310.7085137120162,true,TD,/data/home2/kuehne88/cp2k-native-skala/goldzak12/runs/production/gapw-ae/SiC/v07
gapw-ae,SiC,v08,86.70617270015435,-1310.7014803810591,true,TD,/data/home2/kuehne88/cp2k-native-skala/goldzak12/runs/production/gapw-ae/SiC/v08
gapw-ae,SiC,v09,88.53156580594646,-1310.6929400443285,true,TD,/data/home2/kuehne88/cp2k-native-skala/goldzak12/runs/production/gapw-ae/SiC/v09
gapw-ae,SiC,v10,90.35695891597489,-1310.6831008015045,true,TD,/data/home2/kuehne88/cp2k-native-skala/goldzak12/runs/production/gapw-ae/SiC/v10
gapwxc-gth,AlN,v01,75.00503163107345,-48.735761652506156,true,OT,/home/kuehne88/work/native-skala-terok/goldzak12/runs/diagnostic-terok-gx-aln-v01-from-v02-wave142-20260904/production/gapwxc-gth/AlN/v01
gapwxc-gth,AlN,v02,76.85700771765212,-48.739362530510725,true,OT,/data/home2/kuehne88/cp2k-native-skala/goldzak12/runs/diagnostic-volume-neighbor-rosi-wave87-20260904/production/gapwxc-gth/AlN/v02
gapwxc-gth,AlN,v03,78.70898380298226,-48.73980247422944,true,OT,/data/home2/kuehne88/cp2k-native-skala/goldzak12/runs/diagnostic-b200-recovery-wave112-20260904/production/gapwxc-gth/AlN/v03
gapwxc-gth,AlN,v04,80.56095990105558,-48.738815177001996,true,OT,/data/home2/kuehne88/cp2k-native-skala/goldzak12/runs/recovery-b200-batch2-fa001-outer4-wave1-20260903/production/gapwxc-gth/AlN/v04
gapwxc-gth,AlN,v05,82.41293598707543,-48.735192661286995,true,OT,/data/home2/kuehne88/cp2k-native-skala/goldzak12/runs/diagnostic-b200-recovery-wave112-20260904/production/gapwxc-gth/AlN/v05
gapwxc-gth,AlN,v06,84.2649120752412,-48.72956858256988,true,OT,/data/home2/kuehne88/cp2k-native-skala/goldzak12/runs/diagnostic-b200-recovery-wave112-20260904/production/gapwxc-gth/AlN/v06
gapwxc-gth,AlN,v07,86.1168881648226,-48.72204039890609,true,OT,/data/home2/kuehne88/cp2k-native-skala/goldzak12/runs/recovery-b200-batch4-fa001-outer4-wave2-20260903/production/gapwxc-gth/AlN/v07
gapwxc-gth,AlN,v08,87.96886425939225,-48.71259681571905,true,OT,/data/home2/kuehne88/cp2k-native-skala/goldzak12/runs/diagnostic-b200-recovery-wave112-20260904/production/gapwxc-gth/AlN/v08
gapwxc-gth,AlN,v09,89.82084034497858,-48.70257287875111,true,OT,/data/home2/kuehne88/cp2k-native-skala/goldzak12/runs/diagnostic-volume-neighbor-rosi-wave87-20260904/production/gapwxc-gth/AlN/v09
gapwxc-gth,AlN,v10,91.67281643438197,-48.69094258816008,true,OT,/data/home2/kuehne88/cp2k-native-skala/goldzak12/runs/diagnostic-b200-recovery-wave112-20260904/production/gapwxc-gth/AlN/v10
gapwxc-gth,AlP,v01,145.53042785018786,-35.005146977609165,true,OT,/data/home2/kuehne88/cp2k-native-skala/goldzak12/runs/diagnostic-rosi-gx-alp-low-volumes-wave142-20260904/production/gapwxc-gth/AlP/v01
gapwxc-gth,AlP,v02,149.1237717491344,-35.00903236400911,true,OT,/home/kuehne88/work/native-skala-terok/goldzak12/runs/clean-solver-terok-gx-alp-hoc-transfer-wave205-20260905/production/gapwxc-gth/AlP/v02
gapwxc-gth,AlP,v03,152.71711563685136,-35.01075605673973,true,OT,/data/home2/kuehne88/cp2k-native-skala/goldzak12/runs/diagnostic-rosi-gx-alp-low-volumes-wave142-20260904/production/gapwxc-gth/AlP/v03
gapwxc-gth,AlP,v04,156.31045955235265,-35.01059574158234,true,OT,/data/home2/kuehne88/cp2k-native-skala/goldzak12/runs/clean-canonical-gx-alp-v02-v04-wave150-20260905/production/gapwxc-gth/AlP/v04
gapwxc-gth,AlP,v05,159.9038034471832,-35.008756145500044,true,OT,/data/home2/kuehne88/cp2k-native-skala/goldzak12/runs/clean-solver-rosi-alp-v05-neighbor-wave169-20260905/production/gapwxc-gth/AlP/v05
gapwxc-gth,AlP,v06,163.49714734171835,-35.005409979532445,true,OT,/data/home2/kuehne88/cp2k-native-skala/goldzak12/runs/diagnostic-rosi-gx-alp-neighbors-wave142b-20260904/production/gapwxc-gth/AlP/v06
gapwxc-gth,AlP,v07,167.09049123228903,-35.00073906803989,true,OT,/data/home2/kuehne88/cp2k-native-skala/goldzak12/runs/diagnostic-rosi-gx-alp-v07-gap010-wave140-20260904/production/gapwxc-gth/AlP/v07
gapwxc-gth,AlP,v08,170.68383514384985,-34.99466986987691,true,TD,/data/home2/kuehne88/cp2k-native-skala/goldzak12/runs/recovery-stationary-td-direct-a0001-wave70-20260903/production/gapwxc-gth/AlP/v08
gapwxc-gth,AlP,v09,174.2771790339886,-34.98783102620261,true,TD,/home/kuehne88/work/native-skala-terok/goldzak12/runs/clean-canonical-td-from-rosi-floor-wave100-20260904/production/gapwxc-gth/AlP/v09
gapwxc-gth,BN,v01,41.74593197173221,-51.544992550941295,true,TD,/data/home2/kuehne88/cp2k-native-skala/goldzak12/runs/production/gapwxc-gth/BN/v01
gapwxc-gth,BN,v02,42.77669572311872,-51.554282224802115,true,TD,/data/home2/kuehne88/cp2k-native-skala/goldzak12/runs/production/gapwxc-gth/BN/v02
gapwxc-gth,BN,v03,43.80745947380735,-51.5605801938281,true,TD,/data/home2/kuehne88/cp2k-native-skala/goldzak12/runs/production/gapwxc-gth/BN/v03
gapwxc-gth,BN,v04,44.8382232300437,-51.56402642466847,true,TD,/data/home2/kuehne88/cp2k-native-skala/goldzak12/runs/production/gapwxc-gth/BN/v04
gapwxc-gth,BN,v05,45.86898698129183,-51.56510407632765,true,TD,/data/home2/kuehne88/cp2k-native-skala/goldzak12/runs/production/gapwxc-gth/BN/v05
gapwxc-gth,BN,v06,46.89975073253566,-51.56385567152729,true,TD,/data/home2/kuehne88/cp2k-native-skala/goldzak12/runs/production/gapwxc-gth/BN/v06
gapwxc-gth,BN,v07,47.93051448435792,-51.560472060916275,true,TD,/data/home2/kuehne88/cp2k-native-skala/goldzak12/runs/production/gapwxc-gth/BN/v07
gapwxc-gth,BN,v08,48.96127824040329,-51.55551120231418,true,TD,/data/home2/kuehne88/cp2k-native-skala/goldzak12/runs/production/gapwxc-gth/BN/v08
gapwxc-gth,BN,v09,49.99204199108084,-51.5487805595381,true,TD,/data/home2/kuehne88/cp2k-native-skala/goldzak12/runs/production/gapwxc-gth/BN/v09
gapwxc-gth,BN,v10,51.02280574126682,-51.54063315321594,true,TD,/data/home2/kuehne88/cp2k-native-skala/goldzak12/runs/production/gapwxc-gth/BN/v10
gapwxc-gth,BP,v01,83.38698281018239,-37.953446848871124,true,TD,/data/home2/kuehne88/cp2k-native-skala/goldzak12/runs/production/gapwxc-gth/BP/v01
gapwxc-gth,BP,v02,85.44592065551984,-37.95717500346758,true,TD,/data/home2/kuehne88/cp2k-native-skala/goldzak12/runs/production/gapwxc-gth/BP/v02
gapwxc-gth,BP,v03,87.50485850204554,-37.958580444415446,true,TD,/data/home2/kuehne88/cp2k-native-skala/goldzak12/runs/production/gapwxc-gth/BP/v03
gapwxc-gth,BP,v04,89.56379635645072,-37.957792174942966,true,TD,/data/home2/kuehne88/cp2k-native-skala/goldzak12/runs/production/gapwxc-gth/BP/v04
gapwxc-gth,BP,v05,91.62273420186044,-37.95514250520598,true,TD,/data/home2/kuehne88/cp2k-native-skala/goldzak12/runs/production/gapwxc-gth/BP/v05
gapwxc-gth,BP,v06,93.68167205048216,-37.95084153657362,true,TD,/data/home2/kuehne88/cp2k-native-skala/goldzak12/runs/production/gapwxc-gth/BP/v06
gapwxc-gth,BP,v07,95.74060989532009,-37.94504670896965,true,TD,/data/home2/kuehne88/cp2k-native-skala/goldzak12/runs/production/gapwxc-gth/BP/v07
gapwxc-gth,BP,v08,97.79954774400584,-37.9380138899307,true,TD,/data/home2/kuehne88/cp2k-native-skala/goldzak12/runs/production/gapwxc-gth/BP/v08
gapwxc-gth,BP,v09,99.85848559039852,-37.92968257107356,true,TD,/data/home2/kuehne88/cp2k-native-skala/goldzak12/runs/production/gapwxc-gth/BP/v09
gapwxc-gth,BP,v10,101.91742343487768,-37.92037611390881,true,TD,/data/home2/kuehne88/cp2k-native-skala/goldzak12/runs/production/gapwxc-gth/BP/v10
gapwxc-gth,C,v01,40.367154039165754,-45.474027855178115,true,TD,/data/home2/kuehne88/cp2k-native-skala/goldzak12/runs/production/gapwxc-gth/C/v01
gapwxc-gth,C,v02,41.36387389064689,-45.483471165664426,true,TD,/data/home2/kuehne88/cp2k-native-skala/goldzak12/runs/production/gapwxc-gth/C/v02
gapwxc-gth,C,v03,42.36059374320373,-45.48958847984485,true,TD,/data/home2/kuehne88/cp2k-native-skala/goldzak12/runs/production/gapwxc-gth/C/v03
gapwxc-gth,C,v04,43.357313597536994,-45.492816804091184,true,TD,/data/home2/kuehne88/cp2k-native-skala/goldzak12/runs/production/gapwxc-gth/C/v04
gapwxc-gth,C,v05,44.354033452663856,-45.49349321927232,true,TD,/home/kuehne88/work/native-skala-terok/goldzak12/runs/production/gapwxc-gth/C/v05
gapwxc-gth,C,v06,45.35075330328489,-45.491941077858904,true,TD,/data/home2/kuehne88/cp2k-native-skala/goldzak12/runs/production/gapwxc-gth/C/v06
gapwxc-gth,C,v07,46.34747315654261,-45.48837322063308,true,TD,/data/home2/kuehne88/cp2k-native-skala/goldzak12/runs/production/gapwxc-gth/C/v07
gapwxc-gth,C,v08,47.34419301258273,-45.48281366074305,true,TD,/data/home2/kuehne88/cp2k-native-skala/goldzak12/runs/production/gapwxc-gth/C/v08
gapwxc-gth,C,v09,48.34091286422016,-45.47553951063589,true,TD,/data/home2/kuehne88/cp2k-native-skala/goldzak12/runs/production/gapwxc-gth/C/v09
gapwxc-gth,C,v10,49.33763271403523,-45.46670703302446,true,TD,/data/home2/kuehne88/cp2k-native-skala/goldzak12/runs/production/gapwxc-gth/C/v10
gapwxc-gth,LiCl,v01,117.43031992177887,-90.54506365765165,true,TD,/data/home2/kuehne88/cp2k-native-skala/goldzak12/runs/production/gapwxc-gth/LiCl/v01
gapwxc-gth,LiCl,v02,120.32983398965362,-90.54492470504572,true,TD,/data/home2/kuehne88/cp2k-native-skala/goldzak12/runs/production/gapwxc-gth/LiCl/v02
gapwxc-gth,LiCl,v03,123.22934806220317,-90.54401147557535,true,TD,/data/home2/kuehne88/cp2k-native-skala/goldzak12/runs/production/gapwxc-gth/LiCl/v03
gapwxc-gth,LiCl,v04,126.1288621427114,-90.54247389409532,true,TD,/data/home2/kuehne88/cp2k-native-skala/goldzak12/runs/production/gapwxc-gth/LiCl/v04
gapwxc-gth,LiCl,v05,129.02837621393283,-90.54042761232863,true,TD,/data/home2/kuehne88/cp2k-native-skala/goldzak12/runs/production/gapwxc-gth/LiCl/v05
gapwxc-gth,LiCl,v06,131.92789028070857,-90.53785930086113,true,TD,/data/home2/kuehne88/cp2k-native-skala/goldzak12/runs/production/gapwxc-gth/LiCl/v06
gapwxc-gth,LiCl,v07,134.8274043511387,-90.53482172965762,true,TD,/data/home2/kuehne88/cp2k-native-skala/goldzak12/runs/production/gapwxc-gth/LiCl/v07
gapwxc-gth,LiCl,v08,137.72691843595342,-90.53141708708284,true,TD,/data/home2/kuehne88/cp2k-native-skala/goldzak12/runs/production/gapwxc-gth/LiCl/v08
gapwxc-gth,LiCl,v09,140.626432502413,-90.52767026937683,true,TD,/data/home2/kuehne88/cp2k-native-skala/goldzak12/runs/production/gapwxc-gth/LiCl/v09
gapwxc-gth,LiCl,v10,143.52594657323633,-90.52362596933204,true,TD,/data/home2/kuehne88/cp2k-native-skala/goldzak12/runs/production/gapwxc-gth/LiCl/v10
gapwxc-gth,MgO,v01,66.15666294146288,-318.1144527666587,true,TD,/data/home2/kuehne88/cp2k-native-skala/goldzak12/runs/production/gapwxc-gth/MgO/v01
gapwxc-gth,MgO,v02,67.790160792043,-318.11703830562135,true,TD,/data/home2/kuehne88/cp2k-native-skala/goldzak12/runs/production/gapwxc-gth/MgO/v02
gapwxc-gth,MgO,v03,69.42365864105008,-318.1177403659735,true,TD,/data/home2/kuehne88/cp2k-native-skala/goldzak12/runs/production/gapwxc-gth/MgO/v03
gapwxc-gth,MgO,v04,71.05715649587141,-318.1166556618816,true,TD,/data/home2/kuehne88/cp2k-native-skala/goldzak12/runs/production/gapwxc-gth/MgO/v04
gapwxc-gth,MgO,v05,72.69065434621153,-318.1140904030008,true,TD,/home/kuehne88/work/native-skala-terok/goldzak12/runs/production/gapwxc-gth/MgO/v05
gapwxc-gth,MgO,v06,74.32415219225344,-318.1102614993726,true,TD,/data/home2/kuehne88/cp2k-native-skala/goldzak12/runs/production/gapwxc-gth/MgO/v06
gapwxc-gth,MgO,v07,75.95765004223557,-318.105572304764,true,TD,/data/home2/kuehne88/cp2k-native-skala/goldzak12/runs/production/gapwxc-gth/MgO/v07
gapwxc-gth,MgO,v08,77.59114790024783,-318.09962416689456,true,TD,/data/home2/kuehne88/cp2k-native-skala/goldzak12/runs/production/gapwxc-gth/MgO/v08
gapwxc-gth,MgO,v09,79.22464574434817,-318.09263012405296,true,TD,/data/home2/kuehne88/cp2k-native-skala/goldzak12/runs/production/gapwxc-gth/MgO/v09
gapwxc-gth,MgO,v10,80.85814359327905,-318.0848082118004,true,TD,/data/home2/kuehne88/cp2k-native-skala/goldzak12/runs/production/gapwxc-gth/MgO/v10
gapwxc-gth,MgS,v01,125.67312420224033,-294.7116390477408,true,TD,/data/home2/kuehne88/cp2k-native-skala/goldzak12/runs/production/gapwxc-gth/MgS/v01
gapwxc-gth,MgS,v02,128.77616430225493,-294.7131931187716,true,TD,/data/home2/kuehne88/cp2k-native-skala/goldzak12/runs/production/gapwxc-gth/MgS/v02
gapwxc-gth,MgS,v03,131.87920440479158,-294.7131920957427,true,TD,/data/home2/kuehne88/cp2k-native-skala/goldzak12/runs/production/gapwxc-gth/MgS/v03
gapwxc-gth,MgS,v04,134.98224452106618,-294.71170564209444,true,TD,/data/home2/kuehne88/cp2k-native-skala/goldzak12/runs/production/gapwxc-gth/MgS/v04
gapwxc-gth,MgS,v05,138.08528461789123,-294.7090362376532,true,TD,/data/home2/kuehne88/cp2k-native-skala/goldzak12/runs/production/gapwxc-gth/MgS/v05
gapwxc-gth,MgS,v06,141.18832472371278,-294.7053684172909,true,TD,/data/home2/kuehne88/cp2k-native-skala/goldzak12/runs/production/gapwxc-gth/MgS/v06
gapwxc-gth,MgS,v07,144.29136482635246,-294.70065365934556,true,TD,/data/home2/kuehne88/cp2k-native-skala/goldzak12/runs/production/gapwxc-gth/MgS/v07
gapwxc-gth,MgS,v08,147.39440493749228,-294.6950063770781,true,TD,/data/home2/kuehne88/cp2k-native-skala/goldzak12/runs/production/gapwxc-gth/MgS/v08
gapwxc-gth,MgS,v09,150.4974450409358,-294.68891211603335,true,TD,/data/home2/kuehne88/cp2k-native-skala/goldzak12/runs/production/gapwxc-gth/MgS/v09
gapwxc-gth,MgS,v10,153.60048514026408,-294.6818676485893,true,TD,/data/home2/kuehne88/cp2k-native-skala/goldzak12/runs/production/gapwxc-gth/MgS/v10
gapwxc-gth,Si,v01,143.37741011102767,-31.618155352638862,true,TD,/data/home2/kuehne88/cp2k-native-skala/goldzak12/runs/production/gapwxc-gth/Si/v01
gapwxc-gth,Si,v02,146.9175930746465,-31.621896831690513,true,TD,/data/home2/kuehne88/cp2k-native-skala/goldzak12/runs/production/gapwxc-gth/Si/v02
gapwxc-gth,Si,v03,150.45777603766595,-31.623943104836282,true,TD,/data/home2/kuehne88/cp2k-native-skala/goldzak12/runs/production/gapwxc-gth/Si/v03
gapwxc-gth,Si,v04,153.997959021753,-31.62401172178291,true,TD,/data/home2/kuehne88/cp2k-native-skala/goldzak12/runs/production/gapwxc-gth/Si/v04
gapwxc-gth,Si,v05,157.5381419755961,-31.62235380985282,true,TD,/data/home2/kuehne88/cp2k-native-skala/goldzak12/runs/production/gapwxc-gth/Si/v05
gapwxc-gth,Si,v06,161.07832494472655,-31.619191734372098,true,TD,/data/home2/kuehne88/cp2k-native-skala/goldzak12/runs/production/gapwxc-gth/Si/v06
gapwxc-gth,Si,v07,164.618507908696,-31.614760424462112,true,TD,/data/home2/kuehne88/cp2k-native-skala/goldzak12/runs/production/gapwxc-gth/Si/v07
gapwxc-gth,Si,v08,168.15869087863868,-31.60927055141535,true,TD,/data/home2/kuehne88/cp2k-native-skala/goldzak12/runs/production/gapwxc-gth/Si/v08
gapwxc-gth,Si,v09,171.69887384698006,-31.60359634054183,true,OT,/home/kuehne88/work/native-skala-terok/goldzak12/runs/recovery-bulk-ot-full-all-step0005-outer4-wave63-20260903-terok/production/gapwxc-gth/Si/v09
gapwxc-gth,Si,v10,175.23905680813652,-31.596051996998167,true,TD,/data/home2/kuehne88/cp2k-native-skala/goldzak12/runs/production/gapwxc-gth/Si/v10
gapwxc-gth,SiC,v01,73.92842093172135,-38.751254092863235,true,OT,/data/home2/kuehne88/cp2k-native-skala/goldzak12/runs/refinement-b200-gx-sic-v01-step0001-outer1-20260903/production/gapwxc-gth/SiC/v01
gapwxc-gth,SiC,v02,75.7538140375553,-38.754376985360686,true,OT,/data/home2/kuehne88/cp2k-native-skala/goldzak12/runs/evidence-restart-rosi-wave100-20260904/production/gapwxc-gth/SiC/v02
gapwxc-gth,SiC,v03,77.57920714502656,-38.754704822881436,true,OT,/home/kuehne88/work/native-skala-terok/goldzak12/runs/recovery-bulk-ot-full-all-step0005-outer4-wave63-20260903-terok/production/gapwxc-gth/SiC/v03
gapwxc-gth,SiC,v04,79.40460026062732,-38.75250677122714,true,OT,/data/home2/kuehne88/cp2k-native-skala/goldzak12/runs/diagnostic-volume-continuation-wave78-20260903/production/gapwxc-gth/SiC/v04
gapwxc-gth,SiC,v05,81.22999337182931,-38.748008382885374,true,OT,/data/home2/kuehne88/cp2k-native-skala/goldzak12/runs/recovery-b200-batch4-fa001-outer4-wave2-20260903/production/gapwxc-gth/SiC/v05
gapwxc-gth,SiC,v06,83.05538647484569,-38.74157907746877,true,OT,/data/home2/kuehne88/cp2k-native-skala/goldzak12/runs/diagnostic-volume-neighbor-rosi-wave91-20260904/production/gapwxc-gth/SiC/v06
gapwxc-gth,SiC,v07,84.8807795861302,-38.73347550287179,true,OT,/data/home2/kuehne88/cp2k-native-skala/goldzak12/runs/clean-canonical-from-ot-final-wave79-20260903/production/gapwxc-gth/SiC/v07
gapwxc-gth,SiC,v08,86.70617270015435,-38.72385089835553,true,OT,/data/home2/kuehne88/cp2k-native-skala/goldzak12/runs/recovery-b200-batch4-fa001-outer4-wave2-20260903/production/gapwxc-gth/SiC/v08
gapwxc-gth,SiC,v09,88.53156580594646,-38.7128050706163,true,OT,/data/home2/kuehne88/cp2k-native-skala/goldzak12/runs/diagnostic-volume-neighbor-rosi-wave87-20260904/production/gapwxc-gth/SiC/v09
gapwxc-gth,SiC,v10,90.35695891597489,-38.70042491962723,true,OT,/data/home2/kuehne88/cp2k-native-skala/goldzak12/runs/diagnostic-volume-neighbor-rosi-wave110-20260904/production/gapwxc-gth/SiC/v10
hybrid-direct,AlN,v01,75.00503163107345,-227.9808643275787,true,OT,/data/home2/kuehne88/cp2k-native-skala/goldzak12/runs/diagnostic-volume-neighbor-rosi-wave97-20260904/production/hybrid-direct/AlN/v01
hybrid-direct,AlN,v02,76.85700771765212,-227.98397215320443,true,OT,/data/home2/kuehne88/cp2k-native-skala/goldzak12/runs/diagnostic-volume-neighbor-rosi-wave96-20260904/production/hybrid-direct/AlN/v02
hybrid-direct,AlN,v03,78.70898380298226,-227.98415337887346,true,OT,/data/home2/kuehne88/cp2k-native-skala/goldzak12/runs/diagnostic-volume-neighbor-rosi-wave96-20260904/production/hybrid-direct/AlN/v03
hybrid-direct,AlN,v04,80.56095990105558,-227.98253168124,true,OT,/data/home2/kuehne88/cp2k-native-skala/goldzak12/runs/diagnostic-volume-neighbor-rosi-wave92-20260904/production/hybrid-direct/AlN/v04
hybrid-direct,AlN,v05,82.41293598707543,-227.97848455493067,true,OT,/data/home2/kuehne88/cp2k-native-skala/goldzak12/runs/diagnostic-volume-neighbor-rosi-wave91-20260904/production/hybrid-direct/AlN/v05
hybrid-direct,AlN,v06,84.2649120752412,-227.9725162010106,true,OT,/data/home2/kuehne88/cp2k-native-skala/goldzak12/runs/evidence-restart-rosi-wave100-20260904/production/hybrid-direct/AlN/v06
hybrid-direct,AlN,v07,86.1168881648226,-227.96483092905908,true,OT,/home/kuehne88/work/native-skala-terok/goldzak12/runs/diagnostic-volume-neighbor-terok-wave84-20260904/production/hybrid-direct/AlN/v07
hybrid-direct,AlN,v08,87.96886425939225,-227.95551832804475,true,OT,/home/kuehne88/work/native-skala-terok/goldzak12/runs/clean-canonical-hd-aln-v08-from-final-20260903/production/hybrid-direct/AlN/v08
hybrid-direct,AlN,v09,89.82084034497858,-227.9450851645004,true,OT,/home/kuehne88/work/native-skala-spark/goldzak12/runs/refinement-spark-batch-hd-aln-v09-step0001-outer4-20260903/production/hybrid-direct/AlN/v09
hybrid-direct,AlP,v01,145.53042785018786,-35.004830394776114,true,TD,/data/home2/kuehne88/cp2k-native-skala/goldzak12/runs/recovery-td-direct-a0001-wave71-20260903/production/hybrid-direct/AlP/v01
hybrid-direct,AlP,v02,149.1237717491344,-35.00903234734623,true,OT,/data/home2/kuehne88/cp2k-native-skala/goldzak12/runs/diagnostic-b200-hd-alp-v02-from-v01-volume-continuation-20260903/production/hybrid-direct/AlP/v02
hybrid-direct,AlP,v03,152.71711563685136,-35.01045380906425,true,TD,/data/home2/kuehne88/cp2k-native-skala/goldzak12/runs/recovery-td-direct-a0001-wave71-20260903/production/hybrid-direct/AlP/v03
hybrid-direct,AlP,v04,156.31045955235265,-35.01060085031593,true,OT,/data/home2/kuehne88/cp2k-native-skala/goldzak12/runs/refinement-b200-hd-alp-v04-step0001-outer1-20260903/production/hybrid-direct/AlP/v04
hybrid-direct,AlP,v05,159.9038034471832,-35.008503531708726,true,OT,/home/kuehne88/work/native-skala-spark/goldzak12/runs/clean-canonical-hybrid-direct-alp-v05-from-diagnostic-20260903/production/hybrid-direct/AlP/v05
hybrid-direct,AlP,v06,163.49714734171835,-35.00516442143021,true,OT,/home/kuehne88/work/native-skala-spark/goldzak12/runs/recovery-bulk-ot-adjacent-v2-20260903/production/hybrid-direct/AlP/v06
hybrid-direct,AlP,v07,167.09049123228903,-35.00050309476045,true,OT,/home/kuehne88/work/native-skala-spark/goldzak12/runs/production-ot-inversion-adjacent-v07-p25-v2-20260903/production/hybrid-direct/AlP/v07
hybrid-direct,AlP,v08,170.68383514384985,-34.9946745594049,true,OT,/home/kuehne88/work/native-skala-spark/goldzak12/runs/production-ot-inversion-adjacent-v08-p25-20260903/production/hybrid-direct/AlP/v08
hybrid-direct,AlP,v09,174.2771790339886,-34.98779792652459,true,OT,/home/kuehne88/work/native-skala-spark/goldzak12/runs/production-ot-inversion-adjacent-v09-p25-20260903/production/hybrid-direct/AlP/v09
hybrid-direct,AlP,v10,177.87052293060339,-34.97996818495994,true,OT,/home/kuehne88/work/native-skala-spark/goldzak12/runs/production-ot-inversion-adjacent-v10-p25-clean-20260903/production/hybrid-direct/AlP/v10
hybrid-direct,BP,v01,83.38698281018239,-126.10306817155399,true,TD,/data/home2/kuehne88/cp2k-native-skala/goldzak12/runs/production/hybrid-direct/BP/v01
hybrid-direct,BP,v02,85.44592065551984,-126.10735072831625,true,TD,/data/home2/kuehne88/cp2k-native-skala/goldzak12/runs/production/hybrid-direct/BP/v02
hybrid-direct,BP,v03,87.50485850204554,-126.10924862708525,true,TD,/data/home2/kuehne88/cp2k-native-skala/goldzak12/runs/production/hybrid-direct/BP/v03
hybrid-direct,BP,v04,89.56379635645072,-126.10902070556864,true,TD,/data/home2/kuehne88/cp2k-native-skala/goldzak12/runs/production/hybrid-direct/BP/v04
hybrid-direct,BP,v05,91.62273420186044,-126.1068919125993,true,TD,/data/home2/kuehne88/cp2k-native-skala/goldzak12/runs/production/hybrid-direct/BP/v05
hybrid-direct,BP,v06,93.68167205048216,-126.1030519879727,true,TD,/data/home2/kuehne88/cp2k-native-skala/goldzak12/runs/production/hybrid-direct/BP/v06
hybrid-direct,BP,v07,95.74060989532009,-126.09765612263448,true,TD,/data/home2/kuehne88/cp2k-native-skala/goldzak12/runs/production/hybrid-direct/BP/v07
hybrid-direct,BP,v08,97.79954774400584,-126.09090256313327,true,TD,/data/home2/kuehne88/cp2k-native-skala/goldzak12/runs/production/hybrid-direct/BP/v08
hybrid-direct,BP,v09,99.85848559039852,-126.08298829128951,true,TD,/data/home2/kuehne88/cp2k-native-skala/goldzak12/runs/production/hybrid-direct/BP/v09
hybrid-direct,BP,v10,101.91742343487768,-126.07399515579421,true,TD,/data/home2/kuehne88/cp2k-native-skala/goldzak12/runs/production/hybrid-direct/BP/v10
hybrid-direct,LiCl,v01,117.43031992177887,-90.75205586526134,true,TD,/data/home2/kuehne88/cp2k-native-skala/goldzak12/runs/production/hybrid-direct/LiCl/v01
hybrid-direct,LiCl,v02,120.32983398965362,-90.75210059572811,true,TD,/data/home2/kuehne88/cp2k-native-skala/goldzak12/runs/production/hybrid-direct/LiCl/v02
hybrid-direct,LiCl,v03,123.22934806220317,-90.75137294287337,true,TD,/data/home2/kuehne88/cp2k-native-skala/goldzak12/runs/production/hybrid-direct/LiCl/v03
hybrid-direct,LiCl,v04,126.1288621427114,-90.75001625003476,true,TD,/data/home2/kuehne88/cp2k-native-skala/goldzak12/runs/production/hybrid-direct/LiCl/v04
hybrid-direct,LiCl,v05,129.02837621393283,-90.7481272538645,true,TD,/home/kuehne88/work/native-skala-terok/goldzak12/runs/production/hybrid-direct/LiCl/v05
hybrid-direct,LiCl,v06,131.92789028070857,-90.74570951224055,true,TD,/data/home2/kuehne88/cp2k-native-skala/goldzak12/runs/production/hybrid-direct/LiCl/v06
hybrid-direct,LiCl,v07,134.8274043511387,-90.74282444733448,true,TD,/data/home2/kuehne88/cp2k-native-skala/goldzak12/runs/production/hybrid-direct/LiCl/v07
hybrid-direct,LiCl,v08,137.72691843595342,-90.7395589793453,true,TD,/data/home2/kuehne88/cp2k-native-skala/goldzak12/runs/production/hybrid-direct/LiCl/v08
hybrid-direct,LiCl,v09,140.626432502413,-90.73594135697525,true,TD,/data/home2/kuehne88/cp2k-native-skala/goldzak12/runs/production/hybrid-direct/LiCl/v09
hybrid-direct,LiCl,v10,143.52594657323633,-90.73200062116021,true,TD,/data/home2/kuehne88/cp2k-native-skala/goldzak12/runs/production/hybrid-direct/LiCl/v10
hybrid-direct,MgO,v01,66.15666294146288,-554.8705762674223,true,TD,/data/home2/kuehne88/cp2k-native-skala/goldzak12/runs/production/hybrid-direct/MgO/v01
hybrid-direct,MgO,v02,67.790160792043,-554.8724806675441,true,TD,/data/home2/kuehne88/cp2k-native-skala/goldzak12/runs/production/hybrid-direct/MgO/v02
hybrid-direct,MgO,v03,69.42365864105008,-554.8723847041155,true,TD,/data/home2/kuehne88/cp2k-native-skala/goldzak12/runs/production/hybrid-direct/MgO/v03
hybrid-direct,MgO,v04,71.05715649587141,-554.8705024298297,true,TD,/data/home2/kuehne88/cp2k-native-skala/goldzak12/runs/production/hybrid-direct/MgO/v04
hybrid-direct,MgO,v05,72.69065434621153,-554.8671418480299,true,TD,/data/home2/kuehne88/cp2k-native-skala/goldzak12/runs/production/hybrid-direct/MgO/v05
hybrid-direct,MgO,v06,74.32415219225344,-554.8625790735556,true,TD,/data/home2/kuehne88/cp2k-native-skala/goldzak12/runs/production/hybrid-direct/MgO/v06
hybrid-direct,MgO,v07,75.95765004223557,-554.8560954327891,true,TD,/data/home2/kuehne88/cp2k-native-skala/goldzak12/runs/production/hybrid-direct/MgO/v07
hybrid-direct,MgO,v08,77.59114790024783,-554.8490740653776,true,TD,/data/home2/kuehne88/cp2k-native-skala/goldzak12/runs/production/hybrid-direct/MgO/v08
hybrid-direct,MgO,v09,79.22464574434817,-554.8409935196731,true,TD,/data/home2/kuehne88/cp2k-native-skala/goldzak12/runs/production/hybrid-direct/MgO/v09
hybrid-direct,MgO,v10,80.85814359327905,-554.8321228153508,true,TD,/data/home2/kuehne88/cp2k-native-skala/goldzak12/runs/production/hybrid-direct/MgO/v10
hybrid-direct,MgS,v01,125.67312420224033,-294.712482347059,true,TD,/home/kuehne88/work/native-skala-terok/goldzak12/runs/production/hybrid-direct/MgS/v01
hybrid-direct,MgS,v02,128.77616430225493,-294.7140505807079,true,TD,/home/kuehne88/work/native-skala-terok/goldzak12/runs/production/hybrid-direct/MgS/v02
hybrid-direct,MgS,v03,131.87920440479158,-294.71412641659884,true,TD,/home/kuehne88/work/native-skala-terok/goldzak12/runs/production/hybrid-direct/MgS/v03
hybrid-direct,MgS,v04,134.98224452106618,-294.7126891433567,true,TD,/home/kuehne88/work/native-skala-terok/goldzak12/runs/production/hybrid-direct/MgS/v04
hybrid-direct,MgS,v05,138.08528461789123,-294.7099362495027,true,TD,/home/kuehne88/work/native-skala-terok/goldzak12/runs/production/hybrid-direct/MgS/v05
hybrid-direct,MgS,v06,141.18832472371278,-294.7063863089544,true,TD,/home/kuehne88/work/native-skala-terok/goldzak12/runs/production/hybrid-direct/MgS/v06
hybrid-direct,MgS,v07,144.29136482635246,-294.7016424478726,true,TD,/home/kuehne88/work/native-skala-terok/goldzak12/runs/production/hybrid-direct/MgS/v07
hybrid-direct,MgS,v08,147.39440493749228,-294.6961860721571,true,TD,/home/kuehne88/work/native-skala-terok/goldzak12/runs/production/hybrid-direct/MgS/v08
hybrid-direct,MgS,v09,150.4974450409358,-294.6896373616206,true,TD,/home/kuehne88/work/native-skala-terok/goldzak12/runs/production/hybrid-direct/MgS/v09
hybrid-direct,MgS,v10,153.60048514026408,-294.68234648799154,true,TD,/home/kuehne88/work/native-skala-terok/goldzak12/runs/production/hybrid-direct/MgS/v10
hybrid-direct,Si,v01,143.37741011102767,-31.618155237182762,true,TD,/home/kuehne88/work/native-skala-terok/goldzak12/runs/production/hybrid-direct/Si/v01
hybrid-direct,Si,v02,146.9175930746465,-31.621896795116495,true,TD,/home/kuehne88/work/native-skala-terok/goldzak12/runs/production/hybrid-direct/Si/v02
hybrid-direct,Si,v03,150.45777603766595,-31.623943062219055,true,TD,/home/kuehne88/work/native-skala-terok/goldzak12/runs/production/hybrid-direct/Si/v03
hybrid-direct,Si,v04,153.997959021753,-31.624011681741262,true,TD,/home/kuehne88/work/native-skala-terok/goldzak12/runs/production/hybrid-direct/Si/v04
hybrid-direct,Si,v05,157.5381419755961,-31.622353779089586,true,TD,/home/kuehne88/work/native-skala-terok/goldzak12/runs/production/hybrid-direct/Si/v05
hybrid-direct,Si,v06,161.07832494472655,-31.619191693680445,true,TD,/home/kuehne88/work/native-skala-terok/goldzak12/runs/production/hybrid-direct/Si/v06
hybrid-direct,Si,v07,164.618507908696,-31.614760383038494,true,TD,/home/kuehne88/work/native-skala-terok/goldzak12/runs/production/hybrid-direct/Si/v07
hybrid-direct,Si,v08,168.15869087863868,-31.609270772735453,true,TD,/home/kuehne88/work/native-skala-terok/goldzak12/runs/production/hybrid-direct/Si/v08
hybrid-direct,Si,v09,171.69887384698006,-31.602955253294205,true,TD,/home/kuehne88/work/native-skala-terok/goldzak12/runs/production/hybrid-direct/Si/v09
hybrid-direct,Si,v10,175.23905680813652,-31.59605196419286,true,TD,/home/kuehne88/work/native-skala-terok/goldzak12/runs/production/hybrid-direct/Si/v10
hybrid-direct,SiC,v01,73.92842093172135,-168.45867372508513,true,OT,/data/home2/kuehne88/cp2k-native-skala/goldzak12/runs/evidence-restart-rosi-wave100-20260904/production/hybrid-direct/SiC/v01
hybrid-direct,SiC,v02,75.7538140375553,-168.4621602090357,true,OT,/home/kuehne88/work/native-skala-terok/goldzak12/runs/recovery-bulk-ot-full-all-step0005-outer4-wave63-20260903-terok/production/hybrid-direct/SiC/v02
hybrid-direct,SiC,v03,77.57920714502656,-168.46276818754833,true,OT,/data/home2/kuehne88/cp2k-native-skala/goldzak12/runs/priority-rosi-hd-sic-v03-fsi-wave144-20260904/production/hybrid-direct/SiC/v03
hybrid-direct,SiC,v04,79.40460026062732,-168.46079814188457,true,OT,/data/home2/kuehne88/cp2k-native-skala/goldzak12/runs/recovery-bulk-ot-full-all-step0005-outer4-wave64-20260903-rosi/production/hybrid-direct/SiC/v04
hybrid-direct,SiC,v05,81.22999337182931,-168.45661270094152,true,OT,/data/home2/kuehne88/cp2k-native-skala/goldzak12/runs/recovery-kot-step0001-outer4-wave75-20260903/production/hybrid-direct/SiC/v05
hybrid-direct,SiC,v06,83.05538647484569,-168.4504688428186,true,OT,/data/home2/kuehne88/cp2k-native-skala/goldzak12/runs/clean-canonical-hd-sic-v06-from-postrun-failure-wave76-20260903/production/hybrid-direct/SiC/v06
hybrid-direct,SiC,v07,84.8807795861302,-168.44258164303312,true,OT,/home/kuehne88/work/native-skala-terok/goldzak12/runs/diagnostic-hd-sic-v07-from-v08-volume-continuation-outer4-20260903/production/hybrid-direct/SiC/v07
hybrid-direct,SiC,v08,86.70617270015435,-168.43312407048992,true,OT,/data/home2/kuehne88/cp2k-native-skala/goldzak12/runs/clean-canonical-from-ot-final-wave79-20260903/production/hybrid-direct/SiC/v08
hybrid-direct,SiC,v09,88.53156580594646,-168.42225891629624,true,OT,/data/home2/kuehne88/cp2k-native-skala/goldzak12/runs/diagnostic-b200-recovery-wave112-20260904/production/hybrid-direct/SiC/v09
hybrid-direct,SiC,v10,90.35695891597489,-168.41018517799046,true,OT,/data/home2/kuehne88/cp2k-native-skala/goldzak12/runs/clean-canonical-rosi-wave90-20260904/production/hybrid-direct/SiC/v10
hybrid-one-center,AlN,v01,75.00503163107345,-227.98088459777816,true,OT,/data/home2/kuehne88/cp2k-native-skala/goldzak12/runs/evidence-restart-rosi-wave100-20260904/production/hybrid-one-center/AlN/v01
hybrid-one-center,AlN,v02,76.85700771765212,-227.98399032227073,true,OT,/home/kuehne88/work/native-skala-terok/goldzak12/runs/diagnostic-volume-neighbor-terok-wave86-20260904/production/hybrid-one-center/AlN/v02
hybrid-one-center,AlN,v03,78.70898380298226,-227.98417014224282,true,OT,/data/home2/kuehne88/cp2k-native-skala/goldzak12/runs/diagnostic-b200-recovery-wave112-20260904/production/hybrid-one-center/AlN/v03
hybrid-one-center,AlN,v04,80.56095990105558,-227.98254699988667,true,OT,/data/home2/kuehne88/cp2k-native-skala/goldzak12/runs/diagnostic-b200-recovery-wave112-20260904/production/hybrid-one-center/AlN/v04
hybrid-one-center,AlN,v05,82.41293598707543,-227.97849857200669,true,OT,/data/home2/kuehne88/cp2k-native-skala/goldzak12/runs/recovery-b200-batch4-fa001-outer4-wave2-20260903/production/hybrid-one-center/AlN/v05
hybrid-one-center,AlN,v06,84.2649120752412,-227.97252925273568,true,OT,/data/home2/kuehne88/cp2k-native-skala/goldzak12/runs/clean-canonical-from-ot-final-wave79-20260903/production/hybrid-one-center/AlN/v06
hybrid-one-center,AlN,v07,86.1168881648226,-227.96484312488644,true,OT,/home/kuehne88/work/native-skala-spark/goldzak12/runs/diagnostic-spark-hoc-aln-v07-from-v08-wave142-20260904/production/hybrid-one-center/AlN/v07
hybrid-one-center,AlN,v08,87.96886425939225,-227.95552947350882,true,OT,/home/kuehne88/work/native-skala-spark/goldzak12/runs/diagnostic-spark-hoc-aln-v08-from-clean-v09-wave132-20260904/production/hybrid-one-center/AlN/v08
hybrid-one-center,AlN,v09,89.82084034497858,-227.94509543407585,true,OT,/home/kuehne88/work/native-skala-spark/goldzak12/runs/refinement-spark-batch-hoc-aln-v09-step0001-outer4-20260903/production/hybrid-one-center/AlN/v09
hybrid-one-center,AlN,v10,91.67281643438197,-227.9333225423664,true,OT,/home/kuehne88/work/native-skala-spark/goldzak12/runs/diagnostic-spark-hoc-aln-v10-fsi00002-gap010-wave150-20260905/production/hybrid-one-center/AlN/v10
hybrid-one-center,AlP,v01,145.53042785018786,-35.00515075038588,true,OT,/home/kuehne88/work/native-skala-spark/goldzak12/runs/production-ot-full-all-step002-outer4-hoc-alp-v01-p25-20260903/production/hybrid-one-center/AlP/v01
hybrid-one-center,AlP,v02,149.1237717491344,-35.00903573612761,true,OT,/home/kuehne88/work/native-skala-terok/goldzak12/runs/diagnostic-terok-wave114-hoc-alp-v02-full-single-inverse/production/hybrid-one-center/AlP/v02
hybrid-one-center,AlP,v03,152.71711563685136,-35.010759181392935,true,OT,/data/home2/kuehne88/cp2k-native-skala/goldzak12/runs/clean-solver-b200-hoc-alp-gx-transfer-wave198-20260905/production/hybrid-one-center/AlP/v03
hybrid-one-center,AlP,v04,156.31045955235265,-35.01059861854467,true,OT,/data/home2/kuehne88/cp2k-native-skala/goldzak12/runs/clean-solver-b200-hoc-alp-gx-transfer-wave198-20260905/production/hybrid-one-center/AlP/v04
hybrid-one-center,AlP,v05,159.9038034471832,-35.008512041157516,true,TD,/data/home2/kuehne88/cp2k-native-skala/goldzak12/runs/recovery-b200-hoc-alp-v05-td-dp-a0001-20260903/production/hybrid-one-center/AlP/v05
hybrid-one-center,AlP,v06,163.49714734171835,-35.005417629687315,true,OT,/data/home2/kuehne88/cp2k-native-skala/goldzak12/runs/diagnostic-volume-neighbor-rosi-wave115-20260904/production/hybrid-one-center/AlP/v06
hybrid-one-center,AlP,v07,167.09049123228903,-35.0007466411662,true,OT,/home/kuehne88/work/native-skala-spark/goldzak12/runs/diagnostic-spark-hoc-alp-v07-fsi-wave118-20260904/production/hybrid-one-center/AlP/v07
hybrid-one-center,AlP,v08,170.68383514384985,-34.994910838848035,true,OT,/home/kuehne88/work/native-skala-spark/goldzak12/runs/diagnostic-spark-hoc-alp-v08-fsi-from-clean-v07-wave124-20260904/production/hybrid-one-center/AlP/v08
hybrid-one-center,AlP,v09,174.2771790339886,-34.98779985489922,true,OT,/home/kuehne88/work/native-skala-terok/goldzak12/runs/recovery-bulk-ot-full-all-step002-alp-v09-inversion-20260903/production/hybrid-one-center/AlP/v09
hybrid-one-center,AlP,v10,177.87052293060339,-34.97997515246509,true,TD,/home/kuehne88/work/native-skala-terok/goldzak12/runs/clean-canonical-td-from-rosi-floor-wave100-20260904/production/hybrid-one-center/AlP/v10
hybrid-one-center,BP,v01,83.38698281018239,-126.10307532854128,true,TD,/home/kuehne88/work/native-skala-terok/goldzak12/runs/production/hybrid-one-center/BP/v01
hybrid-one-center,BP,v02,85.44592065551984,-126.10735718854303,true,TD,/home/kuehne88/work/native-skala-terok/goldzak12/runs/production/hybrid-one-center/BP/v02
hybrid-one-center,BP,v03,87.50485850204554,-126.10925446571483,true,TD,/data/home2/kuehne88/cp2k-native-skala/goldzak12/runs/production/hybrid-one-center/BP/v03
hybrid-one-center,BP,v04,89.56379635645072,-126.1090260157232,true,TD,/data/home2/kuehne88/cp2k-native-skala/goldzak12/runs/production/hybrid-one-center/BP/v04
hybrid-one-center,BP,v05,91.62273420186044,-126.10689674840799,true,TD,/data/home2/kuehne88/cp2k-native-skala/goldzak12/runs/production/hybrid-one-center/BP/v05
hybrid-one-center,BP,v06,93.68167205048216,-126.10305640581163,true,TD,/data/home2/kuehne88/cp2k-native-skala/goldzak12/runs/production/hybrid-one-center/BP/v06
hybrid-one-center,BP,v07,95.74060989532009,-126.09766015564767,true,TD,/data/home2/kuehne88/cp2k-native-skala/goldzak12/runs/production/hybrid-one-center/BP/v07
hybrid-one-center,BP,v08,97.79954774400584,-126.09090628486912,true,TD,/data/home2/kuehne88/cp2k-native-skala/goldzak12/runs/production/hybrid-one-center/BP/v08
hybrid-one-center,BP,v09,99.85848559039852,-126.08299169582996,true,TD,/data/home2/kuehne88/cp2k-native-skala/goldzak12/runs/production/hybrid-one-center/BP/v09
hybrid-one-center,BP,v10,101.91742343487768,-126.07399828564608,true,TD,/data/home2/kuehne88/cp2k-native-skala/goldzak12/runs/production/hybrid-one-center/BP/v10
hybrid-one-center,LiCl,v01,117.43031992177887,-90.75205554979053,true,TD,/data/home2/kuehne88/cp2k-native-skala/goldzak12/runs/production/hybrid-one-center/LiCl/v01
hybrid-one-center,LiCl,v02,120.32983398965362,-90.75210313465314,true,TD,/home/kuehne88/work/native-skala-terok/goldzak12/runs/production/hybrid-one-center/LiCl/v02
hybrid-one-center,LiCl,v03,123.22934806220317,-90.75137539620194,true,TD,/home/kuehne88/work/native-skala-terok/goldzak12/runs/production/hybrid-one-center/LiCl/v03
hybrid-one-center,LiCl,v04,126.1288621427114,-90.75001859804556,true,TD,/home/kuehne88/work/native-skala-terok/goldzak12/runs/production/hybrid-one-center/LiCl/v04
hybrid-one-center,LiCl,v05,129.02837621393283,-90.74812389266474,true,TD,/home/kuehne88/work/native-skala-spark/goldzak12/runs/production/hybrid-one-center/LiCl/v05
hybrid-one-center,LiCl,v06,131.92789028070857,-90.74571169566273,true,TD,/home/kuehne88/work/native-skala-terok/goldzak12/runs/production/hybrid-one-center/LiCl/v06
hybrid-one-center,LiCl,v07,134.8274043511387,-90.74282647187187,true,TD,/home/kuehne88/work/native-skala-terok/goldzak12/runs/production/hybrid-one-center/LiCl/v07
hybrid-one-center,LiCl,v08,137.72691843595342,-90.7395609408455,true,TD,/home/kuehne88/work/native-skala-terok/goldzak12/runs/production/hybrid-one-center/LiCl/v08
hybrid-one-center,LiCl,v09,140.626432502413,-90.73594320795725,true,TD,/home/kuehne88/work/native-skala-terok/goldzak12/runs/production/hybrid-one-center/LiCl/v09
hybrid-one-center,LiCl,v10,143.52594657323633,-90.73200244167018,true,TD,/home/kuehne88/work/native-skala-terok/goldzak12/runs/production/hybrid-one-center/LiCl/v10
hybrid-one-center,MgO,v01,66.15666294146288,-554.8700539420131,true,TD,/home/kuehne88/work/native-skala-terok/goldzak12/runs/production/hybrid-one-center/MgO/v01
hybrid-one-center,MgO,v02,67.790160792043,-554.8719117908769,true,TD,/home/kuehne88/work/native-skala-terok/goldzak12/runs/production/hybrid-one-center/MgO/v02
hybrid-one-center,MgO,v03,69.42365864105008,-554.8718378116104,true,TD,/home/kuehne88/work/native-skala-terok/goldzak12/runs/production/hybrid-one-center/MgO/v03
hybrid-one-center,MgO,v04,71.05715649587141,-554.8699947424919,true,TD,/home/kuehne88/work/native-skala-terok/goldzak12/runs/production/hybrid-one-center/MgO/v04
hybrid-one-center,MgO,v05,72.69065434621153,-554.8666303814306,true,TD,/home/kuehne88/work/native-skala-terok/goldzak12/runs/production/hybrid-one-center/MgO/v05
hybrid-one-center,MgO,v06,74.32415219225344,-554.8619264339133,true,TD,/home/kuehne88/work/native-skala-terok/goldzak12/runs/production/hybrid-one-center/MgO/v06
hybrid-one-center,MgO,v07,75.95765004223557,-554.8559912565632,true,TD,/home/kuehne88/work/native-skala-terok/goldzak12/runs/production/hybrid-one-center/MgO/v07
hybrid-one-center,MgO,v08,77.59114790024783,-554.8490605154628,true,TD,/home/kuehne88/work/native-skala-spark/goldzak12/runs/production/hybrid-one-center/MgO/v08
hybrid-one-center,MgO,v09,79.22464574434817,-554.8411465475451,true,TD,/home/kuehne88/work/native-skala-terok/goldzak12/runs/production/hybrid-one-center/MgO/v09
hybrid-one-center,MgO,v10,80.85814359327905,-554.8323910194293,true,TD,/home/kuehne88/work/native-skala-terok/goldzak12/runs/production/hybrid-one-center/MgO/v10
hybrid-one-center,MgS,v01,125.67312420224033,-294.7117371606313,true,TD,/home/kuehne88/work/native-skala-terok/goldzak12/runs/production/hybrid-one-center/MgS/v01
hybrid-one-center,MgS,v02,128.77616430225493,-294.71331115003704,true,TD,/home/kuehne88/work/native-skala-terok/goldzak12/runs/production/hybrid-one-center/MgS/v02
hybrid-one-center,MgS,v03,131.87920440479158,-294.713333081104,true,TD,/home/kuehne88/work/native-skala-terok/goldzak12/runs/production/hybrid-one-center/MgS/v03
hybrid-one-center,MgS,v04,134.98224452106618,-294.71186749493893,true,TD,/home/kuehne88/work/native-skala-spark/goldzak12/runs/production/hybrid-one-center/MgS/v04
hybrid-one-center,MgS,v05,138.08528461789123,-294.709233438371,true,TD,/home/kuehne88/work/native-skala-terok/goldzak12/runs/production/hybrid-one-center/MgS/v05
hybrid-one-center,MgS,v06,141.18832472371278,-294.70559961764167,true,TD,/home/kuehne88/work/native-skala-terok/goldzak12/runs/production/hybrid-one-center/MgS/v06
hybrid-one-center,MgS,v07,144.29136482635246,-294.70092444702397,true,TD,/home/kuehne88/work/native-skala-terok/goldzak12/runs/production/hybrid-one-center/MgS/v07
hybrid-one-center,MgS,v08,147.39440493749228,-294.69532039202585,true,TD,/home/kuehne88/work/native-skala-terok/goldzak12/runs/production/hybrid-one-center/MgS/v08
hybrid-one-center,MgS,v09,150.4974450409358,-294.6889959004404,true,TD,/home/kuehne88/work/native-skala-spark/goldzak12/runs/production/hybrid-one-center/MgS/v09
hybrid-one-center,MgS,v10,153.60048514026408,-294.68196648308947,true,TD,/home/kuehne88/work/native-skala-spark/goldzak12/runs/production/hybrid-one-center/MgS/v10
hybrid-one-center,Si,v01,143.37741011102767,-31.61815925962089,true,TD,/home/kuehne88/work/native-skala-terok/goldzak12/runs/production/hybrid-one-center/Si/v01
hybrid-one-center,Si,v02,146.9175930746465,-31.62190042507819,true,TD,/home/kuehne88/work/native-skala-terok/goldzak12/runs/production/hybrid-one-center/Si/v02
hybrid-one-center,Si,v03,150.45777603766595,-31.623946368567537,true,TD,/home/kuehne88/work/native-skala-terok/goldzak12/runs/production/hybrid-one-center/Si/v03
hybrid-one-center,Si,v04,153.997959021753,-31.624014690828048,true,TD,/home/kuehne88/work/native-skala-terok/goldzak12/runs/production/hybrid-one-center/Si/v04
hybrid-one-center,Si,v05,157.5381419755961,-31.622356535682847,true,TD,/home/kuehne88/work/native-skala-terok/goldzak12/runs/production/hybrid-one-center/Si/v05
hybrid-one-center,Si,v06,161.07832494472655,-31.61919421873532,true,TD,/home/kuehne88/work/native-skala-terok/goldzak12/runs/production/hybrid-one-center/Si/v06
hybrid-one-center,Si,v07,164.618507908696,-31.614762659691,true,TD,/home/kuehne88/work/native-skala-terok/goldzak12/runs/production/hybrid-one-center/Si/v07
hybrid-one-center,Si,v08,168.15869087863868,-31.609272843551825,true,TD,/home/kuehne88/work/native-skala-terok/goldzak12/runs/production/hybrid-one-center/Si/v08
hybrid-one-center,Si,v09,171.69887384698006,-31.60295715374821,true,TD,/home/kuehne88/work/native-skala-terok/goldzak12/runs/production/hybrid-one-center/Si/v09
hybrid-one-center,Si,v10,175.23905680813652,-31.596053731067723,true,TD,/home/kuehne88/work/native-skala-terok/goldzak12/runs/production/hybrid-one-center/Si/v10
hybrid-one-center,SiC,v01,73.92842093172135,-168.458689246013,true,OT,/data/home2/kuehne88/cp2k-native-skala/goldzak12/runs/recovery-b200-batch2-fa001-outer4-wave1-20260903/production/hybrid-one-center/SiC/v01
hybrid-one-center,SiC,v02,75.7538140375553,-168.46217415526849,true,OT,/home/kuehne88/work/native-skala-terok/goldzak12/runs/refinement-hoc-sic-v02-step0001-outer4-20260903/production/hybrid-one-center/SiC/v02
hybrid-one-center,SiC,v03,77.57920714502656,-168.46278022917352,true,OT,/home/kuehne88/work/native-skala-terok/goldzak12/runs/recovery-bulk-ot-full-all-step0005-outer4-wave63-20260903-terok/production/hybrid-one-center/SiC/v03
hybrid-one-center,SiC,v04,79.40460026062732,-168.46080985556455,true,OT,/home/kuehne88/work/native-skala-spark/goldzak12/runs/clean-canonical-hoc-sic-v04-gpu001-outer4-spark-20260903/production/hybrid-one-center/SiC/v04
hybrid-one-center,SiC,v05,81.22999337182931,-168.45662334007505,true,OT,/home/kuehne88/work/native-skala-spark/goldzak12/runs/clean-canonical-hoc-sic-v05-fa001-outer4-spark-20260903/production/hybrid-one-center/SiC/v05
hybrid-one-center,SiC,v06,83.05538647484569,-168.45047873711835,true,OT,/data/home2/kuehne88/cp2k-native-skala/goldzak12/runs/refinement-hoc-sic-v06-step0001-from-wave64-wave77-20260903/production/hybrid-one-center/SiC/v06
hybrid-one-center,SiC,v07,84.8807795861302,-168.44259079896887,true,OT,/data/home2/kuehne88/cp2k-native-skala/goldzak12/runs/diagnostic-volume-neighbor-rosi-wave110-20260904/production/hybrid-one-center/SiC/v07
hybrid-one-center,SiC,v08,86.70617270015435,-168.43313244510503,true,OT,/data/home2/kuehne88/cp2k-native-skala/goldzak12/runs/diagnostic-volume-neighbor-rosi-wave90a-20260904/production/hybrid-one-center/SiC/v08
hybrid-one-center,SiC,v09,88.53156580594646,-168.42226677203712,true,OT,/data/home2/kuehne88/cp2k-native-skala/goldzak12/runs/diagnostic-volume-neighbor-rosi-wave90a-20260904/production/hybrid-one-center/SiC/v09
hybrid-one-center,SiC,v10,90.35695891597489,-168.41019229737813,true,OT,/data/home2/kuehne88/cp2k-native-skala/goldzak12/runs/recovery-bulk-ot-full-all-step0005-outer4-wave64-20260903-rosi/production/hybrid-one-center/SiC/v10
