method,solid,test,n_points,delta_a_A,delta_B0_GPa,minimum_bracketed
gapwxc-gth,AlN,omit_smallest,8,0.0003652207353379566,2.971283664762666,True
gapwxc-gth,AlN,omit_largest,8,0.0010611735552190638,-9.99654321891876,True
gapw-ae,AlN,omit_smallest,8,-1.1462320443911267e-06,-0.018228906403010114,True
gapw-ae,AlN,omit_largest,8,5.79998096501555e-05,-0.14483517279367675,True
hybrid-direct,AlN,omit_smallest,8,5.389883019457642e-05,0.37697799093285767,True
hybrid-direct,AlN,omit_largest,8,0.0002495376877194033,-4.215491683604739,True
hybrid-one-center,AlN,omit_smallest,8,5.475010371114308e-05,0.382797509653642,True
hybrid-one-center,AlN,omit_largest,8,0.00024916352794157604,-4.2180030927776215,True
gapwxc-gth,AlP,omit_smallest,8,1.3800512670414378e-05,0.06226705835449309,True
gapwxc-gth,AlP,omit_largest,8,0.0005284027731713437,-0.5499353882603657,True
gapw-ae,AlP,omit_smallest,8,8.204311615056525e-05,1.1367674439164404,True
gapw-ae,AlP,omit_largest,8,0.0003691736446889138,-0.12219703384398883,True
hybrid-direct,AlP,omit_smallest,8,-0.0008067689945310264,-3.4974278818727953,True
hybrid-direct,AlP,omit_largest,8,-0.0002551957640983815,0.3031558049465275,True
hybrid-one-center,AlP,omit_smallest,8,-0.0006359022752508992,-2.766723401504194,True
hybrid-one-center,AlP,omit_largest,8,-0.0008649399915583444,0.9521498753017141,True
gapwxc-gth,BN,omit_smallest,9,-7.548108309274326e-05,1.4894467112372922,True
gapwxc-gth,BN,omit_largest,9,4.2148534203700905e-05,0.25974875033631406,True
gapw-ae,BN,omit_smallest,9,-2.872542682075263e-05,1.5663826533799465,True
gapw-ae,BN,omit_largest,9,-2.068867632143423e-05,-0.039467658264072725,True
gapwxc-gth,BP,omit_smallest,9,-7.277826057361381e-07,-0.00412559878537877,True
gapwxc-gth,BP,omit_largest,9,-2.834381198901781e-05,0.19601797517393038,True
gapw-ae,BP,omit_smallest,9,3.166172817259394e-05,0.44578171332517513,True
gapw-ae,BP,omit_largest,9,-2.3561008397621208e-05,0.03805614554627823,True
hybrid-direct,BP,omit_smallest,9,0.00014103947386789883,0.9905003309485778,True
hybrid-direct,BP,omit_largest,9,8.345471884574351e-05,-0.35062793049414154,True
hybrid-one-center,BP,omit_smallest,9,0.00014106614708442322,0.9904419463496765,True
hybrid-one-center,BP,omit_largest,9,8.343550567690983e-05,-0.35070737427813015,True
gapwxc-gth,C,omit_smallest,9,0.00016798048713528857,-4.660037071426757,True
gapwxc-gth,C,omit_largest,9,-0.0001627643208910179,-0.8083892620139181,True
gapw-ae,C,omit_smallest,9,-2.8935060373935784e-05,1.5245349456747022,True
gapw-ae,C,omit_largest,9,-1.360353435142514e-05,-0.03926079975894936,True
gapwxc-gth,LiCl,omit_smallest,9,-0.0019179472742640868,-1.0471478782674737,False
gapwxc-gth,LiCl,omit_largest,9,-0.00014803241514016463,-0.178200532073312,True
gapw-ae,LiCl,omit_smallest,9,-0.0005549421676134259,-0.3127756932105754,False
gapw-ae,LiCl,omit_largest,9,-3.746004875182507e-07,-0.0004885312928379903,True
hybrid-direct,LiCl,omit_smallest,9,-0.0015482974760310242,-0.9031451614389994,False
hybrid-direct,LiCl,omit_largest,9,4.33302143774128e-05,0.06281069838441766,True
hybrid-one-center,LiCl,omit_smallest,9,-0.0017582208787310094,-1.0246093448098748,False
hybrid-one-center,LiCl,omit_largest,9,6.679840191203823e-05,0.09702374398175806,True
gapwxc-gth,MgO,omit_smallest,9,-0.0015254728353406577,-7.70258688025109,True
gapwxc-gth,MgO,omit_largest,9,-0.00021782537061554308,3.01062969897211,True
gapw-ae,MgO,omit_smallest,9,-0.00016563037950767523,-0.7259461934929448,True
gapw-ae,MgO,omit_largest,9,-7.160133819184011e-09,-0.0006096275894549308,True
hybrid-direct,MgO,omit_smallest,9,0.0008888248117093767,4.149598039003877,True
hybrid-direct,MgO,omit_largest,9,-1.7329231668306022e-05,-2.970181264115098,True
hybrid-one-center,MgO,omit_smallest,9,-1.9457933203348432e-05,-0.0868578152283419,True
hybrid-one-center,MgO,omit_largest,9,4.794565294119479e-06,0.612791935736567,True
gapwxc-gth,MgS,omit_smallest,9,-0.0002957917466117621,-0.4541589864702047,True
gapwxc-gth,MgS,omit_largest,9,9.94409663146456e-06,0.9791698004286928,True
gapw-ae,MgS,omit_smallest,9,-0.00011771268937188495,-0.1611365487639489,True
gapw-ae,MgS,omit_largest,9,2.2294544335998978e-05,0.13601853169771516,True
hybrid-direct,MgS,omit_smallest,9,-0.0024441606322351817,-3.6987698886067477,True
hybrid-direct,MgS,omit_largest,9,-4.212603513131796e-06,1.8923034474796196,True
hybrid-one-center,MgS,omit_smallest,9,-0.0009277629411652555,-1.4236760304842875,True
hybrid-one-center,MgS,omit_largest,9,1.9782091253972567e-07,0.13334337014198638,True
gapwxc-gth,Si,omit_smallest,9,0.0013976460231148735,4.610025385711751,True
gapwxc-gth,Si,omit_largest,9,-0.000941229448483405,1.5016663929715008,True
gapw-ae,Si,omit_smallest,9,-8.852772469136738e-05,3.877807174329476,True
gapw-ae,Si,omit_largest,9,0.0010579351178607865,-0.01351698982232108,True
hybrid-direct,Si,omit_smallest,9,0.001891280604832346,6.342620922062807,True
hybrid-direct,Si,omit_largest,9,0.0008844235699809744,-1.3499944504625176,True
hybrid-one-center,Si,omit_smallest,9,0.0018918963574927616,6.343529517925504,True
hybrid-one-center,Si,omit_largest,9,0.0008844468031385944,-1.3504188199224103,True
gapwxc-gth,SiC,omit_smallest,9,-0.00019763649510196046,-1.174519176568026,True
gapwxc-gth,SiC,omit_largest,9,-3.462051360880736e-05,2.3628584152402823,True
gapw-ae,SiC,omit_smallest,9,2.8817711772433086e-06,0.049698462768617446,True
gapw-ae,SiC,omit_largest,9,-3.762343257296408e-05,0.09476350748545315,True
hybrid-direct,SiC,omit_smallest,9,-0.00029374145825755704,-1.8504999464488492,True
hybrid-direct,SiC,omit_largest,9,-1.5296294701094837e-05,0.4984355401334142,True
hybrid-one-center,SiC,omit_smallest,9,-0.0002937335425583498,-1.849877567544695,True
hybrid-one-center,SiC,omit_largest,9,-1.5218153358809161e-05,0.49681644936094926,True
