comparison_set,source,method,property,solids,reference,N,ME,MAE,RMSE,MaxAE,MARE_percent
Goldzak2022,NativeSkala,gapwxc-gth,a_A,AlN;AlP;BN;BP;C;LiCl;MgO;MgS;Si;SiC,"Goldzak2022 experiment, static-lattice convention",10,-0.08313499276476932,0.08313499276476932,0.09267206280429444,0.16390541137341064,1.7525061757288989
Goldzak2022,NativeSkala,gapw-ae,a_A,AlN;AlP;BN;BP;C;LiCl;MgO;MgS;Si;SiC,"Goldzak2022 experiment, static-lattice convention",10,-0.07284446517537364,0.07284446517537364,0.08388644379222451,0.15649573657238314,1.547338431342055
Goldzak2022,NativeSkala,hybrid-direct,a_A,AlN;AlP;BN;BP;C;LiCl;MgO;MgS;Si;SiC,"Goldzak2022 experiment, static-lattice convention",10,-0.08442978033281867,0.08442978033281867,0.09212086210364863,0.15416895609869208,1.7950080492825298
Goldzak2022,NativeSkala,hybrid-one-center,a_A,AlN;AlP;BN;BP;C;LiCl;MgO;MgS;Si;SiC,"Goldzak2022 experiment, static-lattice convention",10,-0.0844495682493347,0.0844495682493347,0.09215264677789912,0.15413528234845586,1.7956396723037984
Goldzak2022,Goldzak2022,HF,a_A,AlN;AlP;BN;BP;C;LiCl;MgO;MgS;Si;SiC,"Goldzak2022 experiment, static-lattice convention",10,0.05189999999999988,0.056299999999999836,0.07880038070974009,0.18100000000000005,1.1178841339399566
Goldzak2022,Goldzak2022,MP2,a_A,AlN;AlP;BN;BP;C;LiCl;MgO;MgS;Si;SiC,"Goldzak2022 experiment, static-lattice convention",10,-0.0073000000000001284,0.02009999999999996,0.025141598994495206,0.051000000000000156,0.4358843791958968
Goldzak2022,Goldzak2022,SCS-MP2,a_A,AlN;AlP;BN;BP;C;LiCl;MgO;MgS;Si;SiC,"Goldzak2022 experiment, static-lattice convention",10,0.007699999999999862,0.012499999999999867,0.015630099167951467,0.03500000000000014,0.28088522760402795
Goldzak2022,Goldzak2022,SOS-MP2,a_A,AlN;AlP;BN;BP;C;LiCl;MgO;MgS;Si;SiC,"Goldzak2022 experiment, static-lattice convention",10,0.01489999999999978,0.01489999999999978,0.017863370342687087,0.03399999999999981,0.32533605608247484
Goldzak2022,NativeSkala,gapwxc-gth,B0_GPa,AlN;AlP;BN;BP;C;LiCl;MgO;MgS;Si;SiC,"Goldzak2022 experiment, static-lattice convention",10,15.106092107617826,16.613390461723604,20.463997101740034,34.98722577515943,10.959686330951774
Goldzak2022,NativeSkala,gapw-ae,B0_GPa,AlN;AlP;BN;BP;C;LiCl;MgO;MgS;Si;SiC,"Goldzak2022 experiment, static-lattice convention",10,16.889412162986115,16.889412162986115,20.34974289842665,38.054954217938075,10.337938157343771
Goldzak2022,NativeSkala,hybrid-direct,B0_GPa,AlN;AlP;BN;BP;C;LiCl;MgO;MgS;Si;SiC,"Goldzak2022 experiment, static-lattice convention",10,20.535042176146497,21.769154253445347,26.122466419983986,40.12664838646177,12.433238981569607
Goldzak2022,NativeSkala,hybrid-one-center,B0_GPa,AlN;AlP;BN;BP;C;LiCl;MgO;MgS;Si;SiC,"Goldzak2022 experiment, static-lattice convention",10,19.84030165592651,21.074357368962257,25.22015709119888,38.054954217938075,11.988120649536482
Goldzak2022,Goldzak2022,HF,B0_GPa,AlN;AlP;BN;BP;C;LiCl;MgO;MgS;Si;SiC,"Goldzak2022 experiment, static-lattice convention",10,12.529999999999998,15.229999999999995,21.799793577004344,47.30000000000001,7.751012979776151
Goldzak2022,Goldzak2022,MP2,B0_GPa,AlN;AlP;BN;BP;C;LiCl;MgO;MgS;Si;SiC,"Goldzak2022 experiment, static-lattice convention",10,1.3300000000000012,5.709999999999999,7.592298729633863,15.199999999999989,3.2022750489159777
Goldzak2022,Goldzak2022,SCS-MP2,B0_GPa,AlN;AlP;BN;BP;C;LiCl;MgO;MgS;Si;SiC,"Goldzak2022 experiment, static-lattice convention",10,-0.559999999999998,4.100000000000001,5.610169337907726,13.5,2.44803063475354
Goldzak2022,Goldzak2022,SOS-MP2,B0_GPa,AlN;AlP;BN;BP;C;LiCl;MgO;MgS;Si;SiC,"Goldzak2022 experiment, static-lattice convention",10,-1.4599999999999995,3.879999999999998,4.9951976937855,12.599999999999994,2.620642439277275
Zhang2018,NativeSkala,gapwxc-gth,a_A,AlP;BN;BP;C;LiCl;MgO;MgS;Si;SiC,"Goldzak2022 experiment, static-lattice convention",9,-0.08272070893198584,0.08272070893198584,0.09329513289762632,0.16390541137341064,1.7262697148416823
Zhang2018,NativeSkala,gapw-ae,a_A,AlP;BN;BP;C;LiCl;MgO;MgS;Si;SiC,"Goldzak2022 experiment, static-lattice convention",9,-0.07365580128979207,0.07365580128979207,0.08568258157020911,0.15649573657238314,1.552541174869256
Zhang2018,NativeSkala,hybrid-direct,a_A,AlP;BN;BP;C;LiCl;MgO;MgS;Si;SiC,"Goldzak2022 experiment, static-lattice convention",9,-0.08343929689807267,0.08343929689807267,0.0919839391229742,0.15416895609869208,1.7570090167915042
Zhang2018,NativeSkala,hybrid-one-center,a_A,AlP;BN;BP;C;LiCl;MgO;MgS;Si;SiC,"Goldzak2022 experiment, static-lattice convention",9,-0.08345885612448144,0.08345885612448144,0.09201684468430782,0.15413528234845586,1.7576552490061181
Zhang2018,Zhang2018,LDA,a_A,AlP;BN;BP;C;LiCl;MgO;MgS;Si;SiC,"Goldzak2022 experiment, static-lattice convention",9,-0.032444444444444526,0.032444444444444526,0.043016792586668316,0.10599999999999987,0.6889860064743697
Zhang2018,Zhang2018,PBE,a_A,AlP;BN;BP;C;LiCl;MgO;MgS;Si;SiC,"Goldzak2022 experiment, static-lattice convention",9,0.04511111111111093,0.04511111111111093,0.048873987628048565,0.07899999999999974,0.9676723157989358
Zhang2018,Zhang2018,PBEsol,a_A,AlP;BN;BP;C;LiCl;MgO;MgS;Si;SiC,"Goldzak2022 experiment, static-lattice convention",9,0.0073333333333332655,0.01133333333333322,0.013523641850067079,0.025000000000000355,0.24953888267078994
Zhang2018,Zhang2018,M06-L,a_A,AlP;BN;BP;C;LiCl;MgO;MgS;Si;SiC,"Goldzak2022 experiment, static-lattice convention",9,0.004777777777777745,0.012777777777777654,0.017716909687891035,0.04499999999999993,0.2740631377030175
Zhang2018,Zhang2018,SCAN,a_A,AlP;BN;BP;C;LiCl;MgO;MgS;Si;SiC,"Goldzak2022 experiment, static-lattice convention",9,0.011888888888888664,0.012333333333333061,0.01669663971515738,0.03699999999999992,0.2550373453301546
Zhang2018,Zhang2018,HSE06,a_A,AlP;BN;BP;C;LiCl;MgO;MgS;Si;SiC,"Goldzak2022 experiment, static-lattice convention",9,0.016111111111111014,0.016999999999999904,0.020474916903914907,0.03500000000000014,0.3491088291200763
Zhang2018,NativeSkala,gapwxc-gth,B0_GPa,AlP;BN;BP;C;LiCl;MgO;MgS;Si;SiC,"Goldzak2022 experiment, static-lattice convention",9,13.10994330455001,14.784719253556432,18.54134180461338,34.98722577515943,10.393641158704336
Zhang2018,NativeSkala,gapw-ae,B0_GPa,AlP;BN;BP;C;LiCl;MgO;MgS;Si;SiC,"Goldzak2022 experiment, static-lattice convention",9,16.55603761615564,16.55603761615564,20.40020939210013,38.054954217938075,10.413794118490902
Zhang2018,NativeSkala,hybrid-direct,B0_GPa,AlP;BN;BP;C;LiCl;MgO;MgS;Si;SiC,"Goldzak2022 experiment, static-lattice convention",9,18.99264911398001,20.36388475542318,25.031827646533678,40.12664838646177,11.958368030457876
Zhang2018,NativeSkala,hybrid-one-center,B0_GPa,AlP;BN;BP;C;LiCl;MgO;MgS;Si;SiC,"Goldzak2022 experiment, static-lattice convention",9,18.2224966676574,19.593669682141563,23.984174490889234,38.054954217938075,11.464656894827563
Zhang2018,Zhang2018,LDA,B0_GPa,AlP;BN;BP;C;LiCl;MgO;MgS;Si;SiC,"Goldzak2022 experiment, static-lattice convention",9,3.12222222222222,4.655555555555561,6.7833947581166525,13.699999999999989,2.950027295963297
Zhang2018,Zhang2018,PBE,B0_GPa,AlP;BN;BP;C;LiCl;MgO;MgS;Si;SiC,"Goldzak2022 experiment, static-lattice convention",9,-12.955555555555552,12.955555555555552,14.27048235578134,23.599999999999994,8.622174587519915
Zhang2018,Zhang2018,PBEsol,B0_GPa,AlP;BN;BP;C;LiCl;MgO;MgS;Si;SiC,"Goldzak2022 experiment, static-lattice convention",9,-4.722222222222227,4.722222222222227,6.453336776858589,15.300000000000011,3.5256734541531647
Zhang2018,Zhang2018,M06-L,B0_GPa,AlP;BN;BP;C;LiCl;MgO;MgS;Si;SiC,"Goldzak2022 experiment, static-lattice convention",9,-1.7222222222222239,3.4555555555555535,4.1404508611180635,7.699999999999989,2.751044090156052
Zhang2018,Zhang2018,SCAN,B0_GPa,AlP;BN;BP;C;LiCl;MgO;MgS;Si;SiC,"Goldzak2022 experiment, static-lattice convention",9,0.4333333333333324,3.077777777777781,3.7551446192005895,6.300000000000011,1.8064377626380639
Zhang2018,Zhang2018,HSE06,B0_GPa,AlP;BN;BP;C;LiCl;MgO;MgS;Si;SiC,"Goldzak2022 experiment, static-lattice convention",9,1.7222222222222245,5.855555555555558,7.54931932178142,15.5,3.6456198675011087
