source,method,solid,a_A,B0_GPa
NativeSkala,gapw-ae,AlN,4.302457559854393,225.8897830844604
NativeSkala,gapw-ae,AlP,5.378102002574465,101.34881385408939
NativeSkala,gapw-ae,BN,3.5675181368563726,420.87377612582765
NativeSkala,gapw-ae,BP,4.469571327104945,183.63952550757017
NativeSkala,gapw-ae,C,3.529231517142689,491.3549542179381
NativeSkala,gapw-ae,LiCl,4.915504263427617,46.365408326126115
NativeSkala,gapw-ae,MgO,4.09347159428082,198.70856743507954
NativeSkala,gapw-ae,MgS,5.053615896494688,90.2743721035944
NativeSkala,gapw-ae,Si,5.374041379943183,100.56318728348067
NativeSkala,gapw-ae,SiC,4.292041670567093,241.67573369169475
NativeSkala,gapwxc-gth,AlN,4.28113645274018,239.07143133522817
NativeSkala,gapwxc-gth,AlP,5.362187787323757,94.33634538877703
NativeSkala,gapwxc-gth,BN,3.577700807817212,423.393535500087
NativeSkala,gapwxc-gth,BP,4.443895735854454,187.9279651923091
NativeSkala,gapwxc-gth,C,3.5344770353437354,457.33331158364274
NativeSkala,gapwxc-gth,LiCl,4.908094588626589,47.97598270280714
NativeSkala,gapwxc-gth,MgO,4.105947896182973,188.27590808674427
NativeSkala,gapwxc-gth,MgS,5.068891810739984,87.89570728195228
NativeSkala,gapwxc-gth,Si,5.338569234117036,92.7635082294711
NativeSkala,gapwxc-gth,SiC,4.251748723606388,263.88722577515944
NativeSkala,hybrid-direct,AlN,4.274655868754468,240.41657973564486
NativeSkala,hybrid-direct,AlP,5.361599419302041,96.35812067250258
NativeSkala,hybrid-direct,BN,3.5675181368563726,420.87377612582765
NativeSkala,hybrid-direct,BP,4.452715739935244,185.85728146786454
NativeSkala,hybrid-direct,C,3.529231517142689,491.3549542179381
NativeSkala,hybrid-direct,LiCl,4.917831043901308,47.1319005967949
NativeSkala,hybrid-direct,MgO,4.092318123653586,213.12664838646177
NativeSkala,hybrid-direct,MgS,5.069986516851253,84.17363543425617
NativeSkala,hybrid-direct,Si,5.338258403858291,94.12943961350574
NativeSkala,hybrid-direct,SiC,4.255587426416563,263.7280855106687
NativeSkala,hybrid-one-center,AlN,4.274634022626986,240.4005465503485
NativeSkala,hybrid-one-center,AlP,5.362141352721458,93.12074694491274
NativeSkala,hybrid-one-center,BN,3.5675181368563726,420.87377612582765
NativeSkala,hybrid-one-center,BP,4.452706534015125,185.85533527380426
NativeSkala,hybrid-one-center,C,3.529231517142689,491.3549542179381
NativeSkala,hybrid-one-center,LiCl,4.917864717651544,47.16397483726657
NativeSkala,hybrid-one-center,MgO,4.091913650219724,207.3746593376959
NativeSkala,hybrid-one-center,MgS,5.069671577940226,86.21973917219279
NativeSkala,hybrid-one-center,Si,5.338251426842023,94.12972143482126
NativeSkala,hybrid-one-center,SiC,4.255571381490507,263.70956266445734
Goldzak2022,experiment,C,3.553,453.3
Goldzak2022,HF,C,3.547,500.6
Goldzak2022,MP2,C,3.540,466.8
Goldzak2022,SCS-MP2,C,3.550,460.1
Goldzak2022,SOS-MP2,C,3.554,456.8
Goldzak2022,experiment,Si,5.421,100.3
Goldzak2022,HF,Si,5.508,102.1
Goldzak2022,MP2,Si,5.399,99.6
Goldzak2022,SCS-MP2,Si,5.425,98.2
Goldzak2022,SOS-MP2,Si,5.437,97.6
Goldzak2022,experiment,SiC,4.347,228.9
Goldzak2022,HF,SiC,4.371,242.7
Goldzak2022,MP2,SiC,4.350,229.1
Goldzak2022,SCS-MP2,SiC,4.358,227.0
Goldzak2022,SOS-MP2,SiC,4.362,225.9
Goldzak2022,experiment,BN,3.593,388.5
Goldzak2022,HF,BN,3.596,430.2
Goldzak2022,MP2,BN,3.596,396.5
Goldzak2022,SCS-MP2,BN,3.603,394.0
Goldzak2022,SOS-MP2,BN,3.606,392.7
Goldzak2022,experiment,BP,4.525,176.5
Goldzak2022,HF,BP,4.584,174.8
Goldzak2022,MP2,BP,4.495,180.9
Goldzak2022,SCS-MP2,BP,4.517,176.2
Goldzak2022,SOS-MP2,BP,4.528,174.1
Goldzak2022,experiment,AlN,4.368,206.0
Goldzak2022,HF,AlN,4.365,226.1
Goldzak2022,MP2,AlN,4.388,200.0
Goldzak2022,SCS-MP2,AlN,4.389,201.3
Goldzak2022,SOS-MP2,AlN,4.389,201.9
Goldzak2022,experiment,AlP,5.448,87.0
Goldzak2022,HF,AlP,5.542,93.9
Goldzak2022,MP2,AlP,5.444,93.2
Goldzak2022,SCS-MP2,AlP,5.465,92.0
Goldzak2022,SOS-MP2,AlP,5.475,91.4
Goldzak2022,experiment,MgO,4.189,173.0
Goldzak2022,HF,MgO,4.176,180.2
Goldzak2022,MP2,MgO,4.227,157.8
Goldzak2022,SCS-MP2,MgO,4.224,159.5
Goldzak2022,SOS-MP2,MgO,4.223,160.4
Goldzak2022,experiment,MgS,5.188,81.0
Goldzak2022,HF,MgS,5.281,76.9
Goldzak2022,MP2,MgS,5.171,83.0
Goldzak2022,SCS-MP2,MgS,5.191,81.4
Goldzak2022,SOS-MP2,MgS,5.201,80.7
Goldzak2022,experiment,LiCl,5.072,37.3
Goldzak2022,HF,LiCl,5.253,29.6
Goldzak2022,MP2,LiCl,5.021,38.2
Goldzak2022,SCS-MP2,LiCl,5.059,36.5
Goldzak2022,SOS-MP2,LiCl,5.078,35.7
Zhang2018,LDA,AlP,5.434,89.4
Zhang2018,PBE,AlP,5.508,82.4
Zhang2018,PBEsol,AlP,5.47,86.6
Zhang2018,M06-L,AlP,5.457,91.1
Zhang2018,SCAN,AlP,5.475,89.5
Zhang2018,HSE06,AlP,5.482,94.5
Zhang2018,LDA,BN,3.582,402.1
Zhang2018,PBE,BN,3.626,374.1
Zhang2018,PBEsol,BN,3.607,388.0
Zhang2018,M06-L,BN,3.603,391.7
Zhang2018,SCAN,BN,3.605,394.5
Zhang2018,HSE06,BN,3.601,399.6
Zhang2018,LDA,BP,4.492,175.2
Zhang2018,PBE,BP,4.549,162.0
Zhang2018,PBEsol,BP,4.521,169.5
Zhang2018,M06-L,BP,4.519,170.1
Zhang2018,SCAN,BP,4.528,171.1
Zhang2018,HSE06,BP,4.53,173.0
Zhang2018,LDA,C,3.532,467.0
Zhang2018,PBE,C,3.572,434.3
Zhang2018,PBEsol,C,3.555,451.2
Zhang2018,M06-L,C,3.551,452.8
Zhang2018,SCAN,C,3.551,459.6
Zhang2018,HSE06,C,3.549,468.8
Zhang2018,LDA,LiCl,4.966,40.8
Zhang2018,PBE,LiCl,5.151,31.7
Zhang2018,PBEsol,LiCl,5.064,35.0
Zhang2018,M06-L,LiCl,5.117,35.0
Zhang2018,SCAN,LiCl,5.109,36.3
Zhang2018,HSE06,LiCl,5.107,35.1
Zhang2018,LDA,MgO,4.164,171.7
Zhang2018,PBE,MgO,4.254,149.4
Zhang2018,PBEsol,MgO,4.214,157.7
Zhang2018,M06-L,MgO,4.2,165.3
Zhang2018,SCAN,MgO,4.194,169.6
Zhang2018,HSE06,MgO,4.208,165.0
Zhang2018,LDA,MgS,5.139,82.8
Zhang2018,PBE,MgS,5.231,73.8
Zhang2018,PBEsol,MgS,5.182,78.0
Zhang2018,M06-L,MgS,5.179,81.5
Zhang2018,SCAN,MgS,5.195,80.1
Zhang2018,HSE06,MgS,5.207,78.8
Zhang2018,LDA,Si,5.405,96.2
Zhang2018,PBE,Si,5.47,88.6
Zhang2018,PBEsol,Si,5.431,95.3
Zhang2018,M06-L,Si,5.425,97.7
Zhang2018,SCAN,Si,5.433,99.1
Zhang2018,HSE06,Si,5.444,97.6
Zhang2018,LDA,SiC,4.33,228.7
Zhang2018,PBE,SiC,4.381,212.9
Zhang2018,PBEsol,SiC,4.358,222.0
Zhang2018,M06-L,SiC,4.328,225.1
Zhang2018,SCAN,SiC,4.353,229.9
Zhang2018,HSE06,SiC,4.353,228.9
