source,method,solid,a_A,B0_GPa
Goldzak2022,experiment,C,3.553,453.3
Goldzak2022,HF,C,3.547,500.6
Goldzak2022,MP2,C,3.540,466.8
Goldzak2022,SCS-MP2,C,3.550,460.1
Goldzak2022,SOS-MP2,C,3.554,456.8
Goldzak2022,experiment,Si,5.421,100.3
Goldzak2022,HF,Si,5.508,102.1
Goldzak2022,MP2,Si,5.399,99.6
Goldzak2022,SCS-MP2,Si,5.425,98.2
Goldzak2022,SOS-MP2,Si,5.437,97.6
Goldzak2022,experiment,SiC,4.347,228.9
Goldzak2022,HF,SiC,4.371,242.7
Goldzak2022,MP2,SiC,4.350,229.1
Goldzak2022,SCS-MP2,SiC,4.358,227.0
Goldzak2022,SOS-MP2,SiC,4.362,225.9
Goldzak2022,experiment,BN,3.593,388.5
Goldzak2022,HF,BN,3.596,430.2
Goldzak2022,MP2,BN,3.596,396.5
Goldzak2022,SCS-MP2,BN,3.603,394.0
Goldzak2022,SOS-MP2,BN,3.606,392.7
Goldzak2022,experiment,BP,4.525,176.5
Goldzak2022,HF,BP,4.584,174.8
Goldzak2022,MP2,BP,4.495,180.9
Goldzak2022,SCS-MP2,BP,4.517,176.2
Goldzak2022,SOS-MP2,BP,4.528,174.1
Goldzak2022,experiment,AlN,4.368,206.0
Goldzak2022,HF,AlN,4.365,226.1
Goldzak2022,MP2,AlN,4.388,200.0
Goldzak2022,SCS-MP2,AlN,4.389,201.3
Goldzak2022,SOS-MP2,AlN,4.389,201.9
Goldzak2022,experiment,AlP,5.448,87.0
Goldzak2022,HF,AlP,5.542,93.9
Goldzak2022,MP2,AlP,5.444,93.2
Goldzak2022,SCS-MP2,AlP,5.465,92.0
Goldzak2022,SOS-MP2,AlP,5.475,91.4
Goldzak2022,experiment,MgO,4.189,173.0
Goldzak2022,HF,MgO,4.176,180.2
Goldzak2022,MP2,MgO,4.227,157.8
Goldzak2022,SCS-MP2,MgO,4.224,159.5
Goldzak2022,SOS-MP2,MgO,4.223,160.4
Goldzak2022,experiment,MgS,5.188,81.0
Goldzak2022,HF,MgS,5.281,76.9
Goldzak2022,MP2,MgS,5.171,83.0
Goldzak2022,SCS-MP2,MgS,5.191,81.4
Goldzak2022,SOS-MP2,MgS,5.201,80.7
Goldzak2022,experiment,LiCl,5.072,37.3
Goldzak2022,HF,LiCl,5.253,29.6
Goldzak2022,MP2,LiCl,5.021,38.2
Goldzak2022,SCS-MP2,LiCl,5.059,36.5
Goldzak2022,SOS-MP2,LiCl,5.078,35.7
PeriodicGFN2Manuscript,GFN1-xTB,C,3.5585,
PeriodicGFN2Manuscript,GFN2-xTB,C,3.5549,
PeriodicGFN2Manuscript,GFN1-xTB,Si,5.6187,
PeriodicGFN2Manuscript,GFN2-xTB,Si,5.4462,
PeriodicGFN2Manuscript,GFN1-xTB,SiC,4.5234,
PeriodicGFN2Manuscript,GFN2-xTB,SiC,4.4127,
PeriodicGFN2Manuscript,GFN1-xTB,BN,3.6252,
PeriodicGFN2Manuscript,GFN2-xTB,BN,3.6302,
PeriodicGFN2Manuscript,GFN1-xTB,BP,4.5785,
PeriodicGFN2Manuscript,GFN2-xTB,BP,4.5501,
PeriodicGFN2Manuscript,GFN1-xTB,AlN,4.6121,
PeriodicGFN2Manuscript,GFN2-xTB,AlN,4.3128,
PeriodicGFN2Manuscript,GFN1-xTB,AlP,5.5741,
PeriodicGFN2Manuscript,GFN2-xTB,AlP,5.5450,
PeriodicGFN2Manuscript,GFN1-xTB,MgS,5.0625,
PeriodicGFN2Manuscript,GFN2-xTB,MgS,5.1442,
PeriodicGFN2Manuscript,GFN1-xTB,LiCl,4.8091,
PeriodicGFN2Manuscript,GFN2-xTB,LiCl,4.8301,
