comparison,solid,delta_a_A,delta_B0_GPa,shared_ae_reuse,quality_status
gapwxc-gth_minus_gapw-ae,AlN,-0.021321107114212978,13.181648250767779,False,numerical_review_pending
gapwxc-gth_minus_gapw-ae,AlP,-0.015914215250708352,-7.012468465312352,False,numerical_review_pending
gapwxc-gth_minus_gapw-ae,BN,0.010182670960839246,2.5197593742593654,True,numerical_review_pending
gapwxc-gth_minus_gapw-ae,BP,-0.025675591250490903,4.2884396847389326,False,numerical_review_pending
gapwxc-gth_minus_gapw-ae,C,0.005245518201046462,-34.02164263429535,True,numerical_review_pending
gapwxc-gth_minus_gapw-ae,LiCl,-0.007409674801027499,1.610574376681022,False,numerical_review_pending
gapwxc-gth_minus_gapw-ae,MgO,0.012476301902152542,-10.432659348335278,False,numerical_review_pending
gapwxc-gth_minus_gapw-ae,MgS,0.015275914245296285,-2.3786648216421185,False,numerical_review_pending
gapwxc-gth_minus_gapw-ae,Si,-0.035472145826147106,-7.799679054009573,False,numerical_review_pending
gapwxc-gth_minus_gapw-ae,SiC,-0.04029294696070451,22.21149208346469,False,numerical_review_pending
hybrid-direct_minus_gapw-ae,AlN,-0.02780169109992503,14.526796651184469,False,numerical_review_pending
hybrid-direct_minus_gapw-ae,AlP,-0.016502583272424154,-4.990693181586806,False,numerical_review_pending
hybrid-direct_minus_gapw-ae,BN,0.0,0.0,True,numerical_review_pending
hybrid-direct_minus_gapw-ae,BP,-0.016855587169700925,2.217755960294369,False,numerical_review_pending
hybrid-direct_minus_gapw-ae,C,0.0,0.0,True,numerical_review_pending
hybrid-direct_minus_gapw-ae,LiCl,0.002326780473691059,0.7664922706687847,False,numerical_review_pending
hybrid-direct_minus_gapw-ae,MgO,-0.0011534706272344764,14.418080951382223,False,numerical_review_pending
hybrid-direct_minus_gapw-ae,MgS,0.016370620356564558,-6.100736669338232,False,numerical_review_pending
hybrid-direct_minus_gapw-ae,Si,-0.03578297608489134,-6.4337476699749345,False,numerical_review_pending
hybrid-direct_minus_gapw-ae,SiC,-0.03645424415053,22.052351818973932,False,numerical_review_pending
hybrid-one-center_minus_gapw-ae,AlN,-0.02782353722740627,14.510763465888118,False,numerical_review_pending
hybrid-one-center_minus_gapw-ae,AlP,-0.015960649853007602,-8.228066909176647,False,numerical_review_pending
hybrid-one-center_minus_gapw-ae,BN,0.0,0.0,True,numerical_review_pending
hybrid-one-center_minus_gapw-ae,BP,-0.016864793089820473,2.215809766234088,False,numerical_review_pending
hybrid-one-center_minus_gapw-ae,C,0.0,0.0,True,numerical_review_pending
hybrid-one-center_minus_gapw-ae,LiCl,0.0023604542239272774,0.7985665111404572,False,numerical_review_pending
hybrid-one-center_minus_gapw-ae,MgO,-0.001557944061095995,8.666091902616358,False,numerical_review_pending
hybrid-one-center_minus_gapw-ae,MgS,0.016055681445537928,-4.054632931401613,False,numerical_review_pending
hybrid-one-center_minus_gapw-ae,Si,-0.035789953101160066,-6.433465848659409,False,numerical_review_pending
hybrid-one-center_minus_gapw-ae,SiC,-0.03647028907658534,22.033828972762592,False,numerical_review_pending
hybrid-one-center_minus_hybrid-direct,AlN,-2.184612748123982e-05,-0.016033185296350894,False,numerical_review_pending
hybrid-one-center_minus_hybrid-direct,AlP,0.0005419334194165515,-3.2373737275898407,False,numerical_review_pending
hybrid-one-center_minus_hybrid-direct,BN,0.0,0.0,True,numerical_review_pending
hybrid-one-center_minus_hybrid-direct,BP,-9.205920119548239e-06,-0.001946194060280959,False,numerical_review_pending
hybrid-one-center_minus_hybrid-direct,C,0.0,0.0,True,numerical_review_pending
hybrid-one-center_minus_hybrid-direct,LiCl,3.3673750236218325e-05,0.03207424047167251,False,numerical_review_pending
hybrid-one-center_minus_hybrid-direct,MgO,-0.00040447343386151857,-5.751989048765864,False,numerical_review_pending
hybrid-one-center_minus_hybrid-direct,MgS,-0.00031493891102662985,2.046103737936619,False,numerical_review_pending
hybrid-one-center_minus_hybrid-direct,Si,-6.977016268727709e-06,0.00028182131552512146,False,numerical_review_pending
hybrid-one-center_minus_hybrid-direct,SiC,-1.604492605533636e-05,-0.01852284621134004,False,numerical_review_pending
