solid,structure_type,prototype,space_group,space_group_number,sublattice_a,sublattice_b,a_exp_A,B0_exp_GPa,B0_exp_alt_GPa,E_coh_exp_eV_atom,bonding_class,hybrid_has_gth
C,diamond,A4,Fd-3m,227,C,C,3.553,453.3,,7.55,covalent,no
Si,diamond,A4,Fd-3m,227,Si,Si,5.421,100.3,,4.70,covalent,yes
SiC,zincblende,B3,F-43m,216,Si,C,4.347,228.9,,6.47,covalent,yes
BN,zincblende,B3,F-43m,216,B,N,3.593,388.5,410.2,6.76,covalent,no
BP,zincblende,B3,F-43m,216,B,P,4.525,176.5,168.0,5.14,covalent,yes
AlN,zincblende,B3,F-43m,216,Al,N,4.368,206.0,,5.85,covalent,yes
AlP,zincblende,B3,F-43m,216,Al,P,5.448,87.0,,4.31,covalent,yes
MgO,rocksalt,B1,Fm-3m,225,Mg,O,4.189,173.0,169.8,5.19,ionic,yes
MgS,rocksalt,B1,Fm-3m,225,Mg,S,5.188,81.0,,4.04,ionic,yes
LiH,rocksalt,B1,Fm-3m,225,Li,H,3.979,40.1,,2.49,ionic,no
LiF,rocksalt,B1,Fm-3m,225,Li,F,3.973,75.4,,4.46,ionic,no
LiCl,rocksalt,B1,Fm-3m,225,Li,Cl,5.072,37.3,,3.58,ionic,yes
