method,solid,V0_A3_cell,B0_GPa,B0_prime,compressibility_GPa_inverse,max_endpoint_delta_B0_prime,both_omitted_minima_bracketed
gapw-ae,AlN,79.64339877081153,225.8897830844604,3.7068758635197594,0.0044269377142484535,0.061483750244800905,True
gapw-ae,AlP,155.55612094575463,101.34881385408939,4.179085479291449,0.00986691370102947,0.2922507961128402,True
gapw-ae,BN,45.40446566176932,420.87377612582765,3.772246549549055,0.002376009285266166,0.10634024980049572,True
gapw-ae,BP,89.28892965340249,183.63952550757017,3.7007647598245734,0.005445450794081784,0.05023396277060632,True
gapw-ae,C,43.95825528952906,491.3549542179381,3.756438092746205,0.0020351885971957757,0.09160399294366961,True
gapw-ae,LiCl,118.76930943975114,46.365408326126115,4.029174013984901,0.02156780315545107,0.07264848959027681,False
gapw-ae,MgO,68.5922964483398,198.70856743507954,4.0923154262917505,0.005032495643786028,0.048687221472547115,True
gapw-ae,MgS,129.0644663301622,90.2743721035944,3.681520190083591,0.011077340962864295,0.031095599866252766,True
gapw-ae,Si,155.2040387944898,100.56318728348067,4.543629976783342,0.009943996675255222,0.9207258710444481,True
gapw-ae,SiC,79.0663679839108,241.67573369169475,3.8536932305736795,0.004137775790413853,0.03242965577536072,True
gapwxc-gth,AlN,78.46522257227372,239.07143133522817,2.8015590854526895,0.004182850265357682,1.8954795777739788,True
gapwxc-gth,AlP,154.17929574008855,94.33634538877703,3.959239907223758,0.010600368244909428,0.4662588386684101,True
gapwxc-gth,BN,45.794366662468974,423.393535500087,3.7126062761747423,0.0023618688434126896,0.1292176595700507,True
gapwxc-gth,BP,87.75898314856028,187.9279651923091,4.080588140310812,0.005321187823093211,0.037909520971745714,True
gapwxc-gth,C,44.154553023204784,457.33331158364274,3.6109451282694214,0.002186589025271796,0.3497738130697927,True
gapwxc-gth,LiCl,118.23301692791583,47.97598270280714,4.026911611848349,0.02084376272591679,0.22951479607877845,False
gapwxc-gth,MgO,69.2213877577976,188.27590808674427,3.8643761503961116,0.0053113540131713,0.6252362619720433,True
gapwxc-gth,MgS,130.23840399545884,87.89570728195228,4.348863925872178,0.011377119894970469,0.26353420727622456,True
gapwxc-gth,Si,152.1509393486324,92.7635082294711,5.095708463456011,0.010780101131215072,0.8100558079976903,True
gapwxc-gth,SiC,76.86042295570554,263.88722577515944,4.107471709033894,0.003789497566858476,0.2300401695995511,True
hybrid-direct,AlN,78.10943075299436,240.41657973564486,3.3389771965890778,0.004159446911271973,0.6340114852250767,True
hybrid-direct,AlP,154.12854916935635,96.35812067250258,4.77770699855744,0.010377952506968796,0.7504114321862376,True
hybrid-direct,BN,45.40446566176932,420.87377612582765,3.772246549549055,0.002376009285266166,0.10634024980049572,True
hybrid-direct,BP,88.2825587997316,185.85728146786454,3.9176235289091292,0.0053804725437830315,0.09137414509380148,True
hybrid-direct,C,43.95825528952906,491.3549542179381,3.756438092746205,0.0020351885971957757,0.09160399294366961,True
hybrid-direct,LiCl,118.93804956958377,47.1319005967949,3.9053667863771317,0.02121705230083598,0.21173940557490134,False
hybrid-direct,MgO,68.5343283605911,213.12664838646177,4.207865316406372,0.004692045821443706,0.33724065074379617,True
hybrid-direct,MgS,130.3228032537944,84.17363543425617,3.167267380997464,0.011880204470686669,0.6313354572034222,True
hybrid-direct,Si,152.12436460907907,94.12943961350574,5.256507466031926,0.010623668897913205,1.0741067784827312,True
hybrid-direct,SiC,77.06879188989123,263.7280855106687,4.167825406847713,0.0037917842465039495,0.09896873085522717,True
hybrid-one-center,AlN,78.10823319704126,240.4005465503485,3.3379605115392867,0.004159724319888616,0.6341383528068758,True
hybrid-one-center,AlP,154.17529036435315,93.12074694491274,3.787283565543617,0.010738745476253192,0.7657732769429,True
hybrid-one-center,BN,45.40446566176932,420.87377612582765,3.772246549549055,0.002376009285266166,0.10634024980049572,True
hybrid-one-center,BP,88.28201123243691,185.85533527380426,3.9175172648730303,0.005380528885688368,0.09136290154631954,True
hybrid-one-center,C,43.95825528952906,491.3549542179381,3.756438092746205,0.0020351885971957757,0.09160399294366961,True
hybrid-one-center,LiCl,118.94049279154265,47.16397483726657,3.915013443334705,0.02120262347375037,0.24035129330496163,False
hybrid-one-center,MgO,68.514009137171,207.3746593376959,4.180939262409523,0.0048221899589552366,0.06996442685007231,True
hybrid-one-center,MgS,130.29851847191833,86.21973917219279,3.8651171299754252,0.011598272154394497,0.22443586744351363,True
hybrid-one-center,Si,152.1237681377025,94.12972143482126,5.256513086817988,0.01062363709099506,1.0741894959426839,True
hybrid-one-center,SiC,77.06792017117354,263.70956266445734,4.166717598073771,0.0037920505797978767,0.09893488912264203,True
